cid,Contract ID,Contract Status,Customer,Customer Group
0,1382,Signed OCP,ESIFAR,GREEFOS
1,1398,Signed Customer,Vial/Vitafort,ALF AMMAR
2,1382,Signed Customer,ESIFAR,Vial/Vitafort
3,1382,Draft,ESIFAR,Vial/Vitafort
4,1382,Draft,Vial/Vitafort,GREEFOS
5,1383,Draft,ALF AMMAR,GREEFOS
6,1383,Signed OCP,ALF AMMAR,GREEFOS
7,1382,Signed OCP,CPF (Thailand) Public Company Limited,Vial/Vitafort
8,1383,Signed OCP,ALF AMMAR,GREEFOS
9,1382,Signed OCP,ESIFAR,Vial/Vitafort
10,1443,Signed OCP,GREEFOS,GREEFOS
11,1383,Signed OCP,GREEFOS,Vial/Vitafort
12,1443,Signed Customer,ESIFAR,ESIFAR
13,1443,Signed OCP,Vial/Vitafort,ESIFAR
14,1383,Signed OCP,Vial/Vitafort,GREEFOS
15,1383,Draft,CPF (Thailand) Public Company Limited,GREEFOS
16,1383,Draft,GREEFOS,ESIFAR
17,1383,Signed OCP,Vial/Vitafort,CP Group
18,1398,Draft,GREEFOS,GREEFOS
19,1398,Signed OCP,Vial/Vitafort,CP Group
20,1382,Signed OCP,Vial/Vitafort,GREEFOS
21,1398,Signed OCP,Vial/Vitafort,ESIFAR
22,1443,Signed OCP,GREEFOS,Vial/Vitafort
23,1398,Signed OCP,GREEFOS,CP Group
24,1398,Signed OCP,GREEFOS,CP Group
25,1982,Signed Customer,GREEFOS,CP Group
26,1443,Signed OCP,GREEFOS,ALF AMMAR
27,1398,Signed OCP,GREEFOS,CP Group
28,1398,Signed OCP,ALF AMMAR,ESIFAR
29,1383,Signed OCP,GREEFOS,ESIFAR
30,1982,Signed OCP,CPF (Thailand) Public Company Limited,Vial/Vitafort
31,1398,Signed OCP,ALF AMMAR,Vial/Vitafort
32,1398,Signed OCP,GREEFOS,Vial/Vitafort
33,1383,Signed OCP,ESIFAR,ALF AMMAR
34,1382,Signed OCP,GREEFOS,ESIFAR
35,1383,Signed OCP,GREEFOS,Vial/Vitafort
36,1382,Signed Customer,ESIFAR,ALF AMMAR
37,1382,Signed OCP,Vial/Vitafort,ALF AMMAR
38,1982,Signed OCP,Vial/Vitafort,CP Group
39,1398,Signed OCP,GREEFOS,ESIFAR
40,1382,Signed OCP,Vial/Vitafort,CP Group
41,1398,Signed OCP,ALF AMMAR,ESIFAR
42,1398,Signed OCP,Vial/Vitafort,GREEFOS
43,1382,Draft,ESIFAR,ESIFAR
44,1383,Signed Customer,GREEFOS,Vial/Vitafort
45,1382,Draft,CPF (Thailand) Public Company Limited,ESIFAR
46,1383,Signed OCP,CPF (Thailand) Public Company Limited,Vial/Vitafort
47,1982,Draft,ALF AMMAR,Vial/Vitafort
48,1383,Signed OCP,GREEFOS,Vial/Vitafort
49,1398,Signed OCP,ALF AMMAR,Vial/Vitafort
50,1443,Signed Customer,ALF AMMAR,ALF AMMAR
51,1383,Signed OCP,GREEFOS,Vial/Vitafort
52,1382,Signed Customer,ALF AMMAR,ESIFAR
53,1383,Signed Customer,ALF AMMAR,Vial/Vitafort
54,1443,Signed Customer,CPF (Thailand) Public Company Limited,Vial/Vitafort
55,1383,Signed Customer,Vial/Vitafort,Vial/Vitafort
56,1382,Signed OCP,Vial/Vitafort,CP Group
57,1982,Signed OCP,Vial/Vitafort,CP Group
58,1443,Signed OCP,CPF (Thailand) Public Company Limited,ESIFAR
59,1982,Draft,ESIFAR,Vial/Vitafort
60,1383,Draft,CPF (Thailand) Public Company Limited,Vial/Vitafort
61,1982,Signed Customer,ALF AMMAR,Vial/Vitafort
62,1398,Signed OCP,Vial/Vitafort,CP Group
63,1982,Signed OCP,CPF (Thailand) Public Company Limited,Vial/Vitafort
64,1382,Signed OCP,Vial/Vitafort,GREEFOS
65,1383,Signed Customer,GREEFOS,CP Group
66,1383,Signed OCP,GREEFOS,ESIFAR
67,1443,Signed OCP,Vial/Vitafort,CP Group
68,1982,Signed OCP,ESIFAR,ESIFAR
69,1398,Draft,Vial/Vitafort,ESIFAR
70,1443,Signed OCP,GREEFOS,GREEFOS
71,1398,Signed OCP,CPF (Thailand) Public Company Limited,GREEFOS
72,1383,Draft,GREEFOS,CP Group
73,1383,Signed OCP,GREEFOS,GREEFOS
74,1982,Signed OCP,CPF (Thailand) Public Company Limited,CP Group
75,1443,Signed Customer,ESIFAR,ESIFAR
76,1443,Signed Customer,ESIFAR,CP Group
77,1382,Signed Customer,ALF AMMAR,Vial/Vitafort
78,1443,Signed Customer,ALF AMMAR,Vial/Vitafort
79,1382,Signed OCP,ALF AMMAR,Vial/Vitafort
80,1382,Signed OCP,ESIFAR,ESIFAR
81,1398,Signed OCP,ESIFAR,CP Group
82,1382,Draft,CPF (Thailand) Public Company Limited,Vial/Vitafort
83,1443,Signed OCP,ALF AMMAR,ESIFAR
84,1398,Signed OCP,GREEFOS,GREEFOS
85,1398,Signed OCP,ESIFAR,ESIFAR
86,1382,Signed Customer,ESIFAR,ALF AMMAR
87,1443,Signed OCP,Vial/Vitafort,ALF AMMAR
88,1383,Signed OCP,CPF (Thailand) Public Company Limited,ESIFAR
89,1383,Signed OCP,GREEFOS,Vial/Vitafort
90,1398,Signed OCP,Vial/Vitafort,Vial/Vitafort
91,1398,Draft,ESIFAR,ALF AMMAR
92,1443,Signed Customer,ALF AMMAR,ALF AMMAR
93,1382,Signed OCP,ESIFAR,CP Group
94,1443,Draft,ESIFAR,ALF AMMAR
95,1382,Signed Customer,ALF AMMAR,CP Group
96,1443,Draft,CPF (Thailand) Public Company Limited,ALF AMMAR
97,1382,Signed OCP,CPF (Thailand) Public Company Limited,GREEFOS
98,1443,Signed Customer,ALF AMMAR,GREEFOS
99,1398,Signed OCP,CPF (Thailand) Public Company Limited,Vial/Vitafort
100,1398,Signed Customer,GREEFOS,ALF AMMAR
101,1443,Signed OCP,ALF AMMAR,Vial/Vitafort
102,1443,Signed OCP,ALF AMMAR,ALF AMMAR
103,1382,Signed Customer,ESIFAR,Vial/Vitafort
104,1398,Signed OCP,ALF AMMAR,ESIFAR
105,1382,Signed OCP,GREEFOS,CP Group
106,1383,Signed Customer,GREEFOS,CP Group
107,1982,Signed OCP,ALF AMMAR,ESIFAR
108,1982,Signed OCP,GREEFOS,Vial/Vitafort
109,1443,Signed OCP,GREEFOS,ESIFAR
110,1398,Draft,CPF (Thailand) Public Company Limited,Vial/Vitafort
111,1383,Signed OCP,ESIFAR,GREEFOS
112,1398,Draft,GREEFOS,ESIFAR
113,1383,Signed OCP,ESIFAR,ALF AMMAR
114,1982,Draft,ALF AMMAR,ALF AMMAR
115,1382,Draft,CPF (Thailand) Public Company Limited,ESIFAR
116,1443,Signed OCP,ALF AMMAR,ESIFAR
117,1398,Signed OCP,ALF AMMAR,Vial/Vitafort
118,1382,Signed Customer,GREEFOS,ESIFAR
119,1398,Draft,CPF (Thailand) Public Company Limited,Vial/Vitafort
120,1398,Signed OCP,Vial/Vitafort,CP Group
121,1382,Signed Customer,ESIFAR,ALF AMMAR
122,1443,Draft,ESIFAR,ALF AMMAR
123,1383,Signed Customer,GREEFOS,ALF AMMAR
124,1382,Signed OCP,Vial/Vitafort,Vial/Vitafort
125,1382,Draft,ALF AMMAR,GREEFOS
126,1382,Draft,ESIFAR,ESIFAR
127,1383,Signed OCP,Vial/Vitafort,ALF AMMAR
128,1443,Signed OCP,ALF AMMAR,Vial/Vitafort
129,1383,Draft,ALF AMMAR,Vial/Vitafort
130,1382,Signed Customer,ALF AMMAR,GREEFOS
131,1443,Signed OCP,Vial/Vitafort,Vial/Vitafort
132,1382,Signed OCP,CPF (Thailand) Public Company Limited,ESIFAR
133,1398,Signed Customer,ESIFAR,ALF AMMAR
134,1382,Signed OCP,CPF (Thailand) Public Company Limited,ESIFAR
135,1383,Signed OCP,CPF (Thailand) Public Company Limited,GREEFOS
136,1383,Draft,CPF (Thailand) Public Company Limited,ALF AMMAR
137,1382,Signed OCP,CPF (Thailand) Public Company Limited,GREEFOS
138,1982,Signed OCP,CPF (Thailand) Public Company Limited,GREEFOS
139,1382,Draft,ALF AMMAR,ALF AMMAR
140,1383,Signed OCP,Vial/Vitafort,Vial/Vitafort
141,1383,Signed OCP,Vial/Vitafort,CP Group
142,1382,Signed OCP,ESIFAR,Vial/Vitafort
143,1383,Draft,GREEFOS,CP Group
144,1982,Signed OCP,ESIFAR,Vial/Vitafort
145,1383,Draft,Vial/Vitafort,ESIFAR
146,1398,Draft,CPF (Thailand) Public Company Limited,ALF AMMAR
147,1383,Signed OCP,Vial/Vitafort,ESIFAR
148,1398,Signed Customer,ALF AMMAR,ESIFAR
149,1382,Signed OCP,ESIFAR,Vial/Vitafort
150,1982,Signed Customer,GREEFOS,Vial/Vitafort
151,1443,Signed OCP,ALF AMMAR,ESIFAR
152,1982,Signed OCP,Vial/Vitafort,GREEFOS
153,1383,Signed OCP,CPF (Thailand) Public Company Limited,ESIFAR
154,1982,Draft,Vial/Vitafort,GREEFOS
155,1382,Signed OCP,Vial/Vitafort,Vial/Vitafort
156,1383,Signed OCP,ESIFAR,CP Group
157,1443,Signed Customer,Vial/Vitafort,Vial/Vitafort
158,1383,Signed OCP,ALF AMMAR,ALF AMMAR
159,1383,Signed Customer,Vial/Vitafort,Vial/Vitafort
160,1982,Signed OCP,CPF (Thailand) Public Company Limited,GREEFOS
161,1382,Signed Customer,Vial/Vitafort,GREEFOS
162,1382,Draft,ESIFAR,CP Group
163,1383,Signed OCP,CPF (Thailand) Public Company Limited,CP Group
164,1443,Signed OCP,Vial/Vitafort,GREEFOS
165,1443,Draft,ALF AMMAR,Vial/Vitafort
166,1398,Draft,CPF (Thailand) Public Company Limited,ESIFAR
167,1383,Signed OCP,CPF (Thailand) Public Company Limited,ESIFAR
168,1398,Signed OCP,CPF (Thailand) Public Company Limited,ALF AMMAR
169,1982,Signed OCP,GREEFOS,Vial/Vitafort
170,1383,Signed OCP,GREEFOS,ALF AMMAR
171,1382,Draft,GREEFOS,ESIFAR
172,1382,Draft,CPF (Thailand) Public Company Limited,Vial/Vitafort
173,1398,Signed OCP,GREEFOS,ESIFAR
174,1982,Signed OCP,CPF (Thailand) Public Company Limited,ESIFAR
175,1382,Signed Customer,GREEFOS,Vial/Vitafort
176,1383,Signed OCP,Vial/Vitafort,ALF AMMAR
177,1443,Signed OCP,CPF (Thailand) Public Company Limited,Vial/Vitafort
178,1383,Signed OCP,Vial/Vitafort,Vial/Vitafort
179,1443,Signed OCP,GREEFOS,ESIFAR
180,1398,Signed OCP,Vial/Vitafort,GREEFOS
181,1398,Signed Customer,CPF (Thailand) Public Company Limited,Vial/Vitafort
182,1982,Signed OCP,Vial/Vitafort,ESIFAR
183,1443,Signed OCP,ALF AMMAR,ESIFAR
184,1443,Signed Customer,ALF AMMAR,ESIFAR
185,1982,Signed OCP,Vial/Vitafort,CP Group
186,1398,Signed OCP,Vial/Vitafort,GREEFOS
187,1383,Draft,ALF AMMAR,GREEFOS
188,1982,Draft,CPF (Thailand) Public Company Limited,ESIFAR
189,1982,Signed OCP,ALF AMMAR,CP Group
190,1443,Signed Customer,GREEFOS,ESIFAR
191,1443,Signed OCP,ESIFAR,GREEFOS
192,1383,Draft,ESIFAR,Vial/Vitafort
193,1398,Signed OCP,GREEFOS,GREEFOS
194,1383,Signed OCP,ALF AMMAR,ESIFAR
195,1443,Signed OCP,Vial/Vitafort,CP Group
196,1398,Signed OCP,ESIFAR,ESIFAR
197,1443,Signed Customer,ESIFAR,ALF AMMAR
198,1982,Signed OCP,GREEFOS,CP Group
199,1382,Signed OCP,GREEFOS,Vial/Vitafort
200,1383,Draft,Vial/Vitafort,CP Group
201,1398,Signed OCP,CPF (Thailand) Public Company Limited,ALF AMMAR
202,1383,Signed OCP,CPF (Thailand) Public Company Limited,Vial/Vitafort
203,1383,Signed OCP,ESIFAR,Vial/Vitafort
204,1398,Signed Customer,Vial/Vitafort,ALF AMMAR
205,1982,Signed Customer,ESIFAR,ALF AMMAR
206,1383,Signed OCP,ALF AMMAR,CP Group
207,1443,Signed OCP,ESIFAR,GREEFOS
208,1383,Draft,ESIFAR,CP Group
209,1398,Draft,CPF (Thailand) Public Company Limited,GREEFOS
210,1383,Signed OCP,ESIFAR,GREEFOS
211,1443,Signed OCP,ESIFAR,CP Group
212,1383,Signed OCP,ESIFAR,ALF AMMAR
213,1443,Draft,Vial/Vitafort,CP Group
214,1398,Draft,ESIFAR,CP Group
215,1398,Signed Customer,GREEFOS,ESIFAR
216,1982,Signed OCP,Vial/Vitafort,CP Group
217,1398,Signed Customer,ALF AMMAR,Vial/Vitafort
218,1982,Draft,Vial/Vitafort,ESIFAR
219,1443,Signed OCP,CPF (Thailand) Public Company Limited,ESIFAR
220,1443,Signed OCP,ESIFAR,ESIFAR
221,1982,Signed OCP,ALF AMMAR,ESIFAR
222,1443,Draft,Vial/Vitafort,CP Group
223,1382,Signed OCP,GREEFOS,Vial/Vitafort
224,1398,Signed Customer,GREEFOS,ESIFAR
225,1398,Signed OCP,ALF AMMAR,GREEFOS
226,1382,Signed Customer,Vial/Vitafort,CP Group
227,1443,Draft,GREEFOS,CP Group
228,1382,Signed OCP,ESIFAR,GREEFOS
229,1383,Signed Customer,ESIFAR,ESIFAR
230,1982,Signed Customer,ESIFAR,GREEFOS
231,1398,Signed OCP,GREEFOS,ALF AMMAR
232,1383,Signed Customer,ALF AMMAR,CP Group
233,1383,Signed OCP,Vial/Vitafort,CP Group
234,1398,Signed OCP,Vial/Vitafort,GREEFOS
235,1398,Signed Customer,GREEFOS,ALF AMMAR
236,1383,Signed OCP,GREEFOS,CP Group
237,1398,Signed OCP,CPF (Thailand) Public Company Limited,ESIFAR
238,1443,Signed Customer,ESIFAR,Vial/Vitafort
239,1398,Signed Customer,GREEFOS,ESIFAR
240,1382,Signed OCP,Vial/Vitafort,ALF AMMAR
241,1398,Signed OCP,Vial/Vitafort,ALF AMMAR
242,1982,Signed OCP,ESIFAR,Vial/Vitafort
243,1443,Signed OCP,ESIFAR,Vial/Vitafort
244,1982,Signed Customer,ALF AMMAR,ESIFAR
245,1398,Signed OCP,Vial/Vitafort,Vial/Vitafort
246,1982,Draft,ESIFAR,ALF AMMAR
247,1382,Signed OCP,ALF AMMAR,ALF AMMAR
248,1382,Draft,ALF AMMAR,CP Group
249,1398,Signed OCP,GREEFOS,CP Group
250,1398,Signed OCP,GREEFOS,GREEFOS
251,1982,Signed OCP,CPF (Thailand) Public Company Limited,ESIFAR
252,1398,Signed OCP,Vial/Vitafort,GREEFOS
253,1382,Signed Customer,Vial/Vitafort,Vial/Vitafort
254,1383,Signed Customer,Vial/Vitafort,CP Group
255,1443,Signed OCP,ESIFAR,GREEFOS
256,1443,Draft,ESIFAR,CP Group
257,1982,Signed OCP,GREEFOS,GREEFOS
258,1982,Signed OCP,ALF AMMAR,GREEFOS
259,1982,Signed Customer,GREEFOS,ESIFAR
260,1398,Signed OCP,CPF (Thailand) Public Company Limited,Vial/Vitafort
261,1382,Draft,CPF (Thailand) Public Company Limited,ALF AMMAR
262,1382,Signed OCP,ESIFAR,CP Group
263,1382,Signed Customer,GREEFOS,GREEFOS
264,1383,Draft,Vial/Vitafort,GREEFOS
265,1383,Draft,ALF AMMAR,GREEFOS
266,1398,Signed Customer,ESIFAR,GREEFOS
267,1982,Draft,GREEFOS,CP Group
268,1443,Signed Customer,Vial/Vitafort,ALF AMMAR
269,1383,Signed Customer,GREEFOS,GREEFOS
270,1982,Signed OCP,Vial/Vitafort,Vial/Vitafort
271,1382,Signed Customer,GREEFOS,ALF AMMAR
272,1443,Signed OCP,CPF (Thailand) Public Company Limited,CP Group
273,1443,Signed OCP,ALF AMMAR,CP Group
274,1982,Draft,ALF AMMAR,ESIFAR
275,1443,Signed OCP,CPF (Thailand) Public Company Limited,ESIFAR
276,1382,Signed OCP,ESIFAR,ALF AMMAR
277,1982,Signed OCP,ALF AMMAR,CP Group
278,1443,Draft,CPF (Thailand) Public Company Limited,ESIFAR
279,1443,Draft,ESIFAR,Vial/Vitafort
280,1443,Signed OCP,GREEFOS,ESIFAR
281,1982,Draft,GREEFOS,Vial/Vitafort
282,1443,Signed OCP,ESIFAR,ESIFAR
283,1398,Draft,GREEFOS,CP Group
284,1443,Signed OCP,Vial/Vitafort,ESIFAR
285,1382,Signed OCP,ESIFAR,CP Group
286,1382,Draft,ALF AMMAR,Vial/Vitafort
287,1398,Draft,Vial/Vitafort,GREEFOS
288,1398,Signed Customer,ESIFAR,ALF AMMAR
289,1443,Signed OCP,CPF (Thailand) Public Company Limited,CP Group
290,1398,Draft,ALF AMMAR,ALF AMMAR
291,1382,Draft,ALF AMMAR,CP Group
292,1383,Draft,CPF (Thailand) Public Company Limited,Vial/Vitafort
293,1443,Signed Customer,Vial/Vitafort,ALF AMMAR
294,1382,Signed Customer,CPF (Thailand) Public Company Limited,GREEFOS
295,1982,Signed OCP,CPF (Thailand) Public Company Limited,GREEFOS
296,1443,Draft,Vial/Vitafort,Vial/Vitafort
297,1443,Signed OCP,ESIFAR,Vial/Vitafort
298,1383,Signed OCP,Vial/Vitafort,ESIFAR
299,1383,Draft,GREEFOS,GREEFOS
300,1982,Signed Customer,ALF AMMAR,ALF AMMAR
301,1443,Signed OCP,Vial/Vitafort,Vial/Vitafort
302,1398,Signed Customer,Vial/Vitafort,ESIFAR
303,1443,Signed OCP,CPF (Thailand) Public Company Limited,Vial/Vitafort
304,1398,Signed OCP,Vial/Vitafort,ALF AMMAR
305,1443,Signed OCP,GREEFOS,CP Group
306,1982,Signed OCP,ESIFAR,ALF AMMAR
307,1398,Signed Customer,CPF (Thailand) Public Company Limited,ESIFAR
308,1443,Signed Customer,ESIFAR,ALF AMMAR
309,1443,Signed OCP,ESIFAR,ESIFAR
310,1982,Signed Customer,GREEFOS,CP Group
311,1398,Signed OCP,ESIFAR,GREEFOS
312,1982,Signed OCP,GREEFOS,CP Group
313,1383,Draft,ALF AMMAR,GREEFOS
314,1443,Signed OCP,GREEFOS,CP Group
315,1382,Signed OCP,CPF (Thailand) Public Company Limited,GREEFOS
316,1398,Draft,GREEFOS,Vial/Vitafort
317,1382,Draft,Vial/Vitafort,ESIFAR
318,1982,Draft,GREEFOS,CP Group
319,1443,Signed OCP,Vial/Vitafort,Vial/Vitafort
320,1398,Signed Customer,CPF (Thailand) Public Company Limited,GREEFOS
321,1382,Signed OCP,CPF (Thailand) Public Company Limited,Vial/Vitafort
322,1982,Signed Customer,ESIFAR,CP Group
323,1382,Signed OCP,ESIFAR,GREEFOS
324,1398,Signed OCP,ESIFAR,ALF AMMAR
325,1443,Signed Customer,CPF (Thailand) Public Company Limited,Vial/Vitafort
326,1398,Signed OCP,ESIFAR,ALF AMMAR
327,1382,Signed Customer,CPF (Thailand) Public Company Limited,GREEFOS
328,1982,Signed OCP,ALF AMMAR,CP Group
329,1382,Signed OCP,ESIFAR,ALF AMMAR
330,1443,Signed OCP,Vial/Vitafort,CP Group
331,1383,Signed OCP,ALF AMMAR,ESIFAR
332,1383,Draft,Vial/Vitafort,CP Group
333,1443,Signed OCP,ESIFAR,GREEFOS
334,1443,Signed Customer,Vial/Vitafort,ESIFAR
335,1383,Signed OCP,CPF (Thailand) Public Company Limited,GREEFOS
336,1982,Draft,GREEFOS,CP Group
337,1443,Signed OCP,GREEFOS,Vial/Vitafort
338,1398,Draft,ALF AMMAR,GREEFOS
339,1383,Signed OCP,CPF (Thailand) Public Company Limited,ESIFAR
340,1443,Signed Customer,CPF (Thailand) Public Company Limited,Vial/Vitafort
341,1398,Signed Customer,ESIFAR,ESIFAR
342,1398,Signed OCP,GREEFOS,GREEFOS
343,1398,Draft,ESIFAR,ALF AMMAR
344,1982,Draft,Vial/Vitafort,GREEFOS
345,1982,Draft,ALF AMMAR,ESIFAR
346,1383,Draft,ESIFAR,CP Group
347,1382,Draft,GREEFOS,ALF AMMAR
348,1443,Signed Customer,ALF AMMAR,Vial/Vitafort
349,1443,Signed OCP,Vial/Vitafort,ALF AMMAR
350,1382,Signed Customer,CPF (Thailand) Public Company Limited,ALF AMMAR
351,1382,Signed OCP,CPF (Thailand) Public Company Limited,ESIFAR
352,1383,Signed OCP,ESIFAR,ESIFAR
353,1382,Signed Customer,Vial/Vitafort,GREEFOS
354,1443,Draft,ALF AMMAR,CP Group
355,1398,Signed OCP,ESIFAR,Vial/Vitafort
356,1443,Signed OCP,GREEFOS,CP Group
357,1982,Draft,ESIFAR,ESIFAR
358,1398,Signed OCP,ESIFAR,Vial/Vitafort
359,1443,Signed OCP,CPF (Thailand) Public Company Limited,ALF AMMAR
360,1982,Signed OCP,GREEFOS,CP Group
361,1443,Draft,Vial/Vitafort,ALF AMMAR
362,1982,Signed OCP,ESIFAR,ESIFAR
363,1382,Signed Customer,ALF AMMAR,CP Group
364,1382,Signed OCP,ALF AMMAR,Vial/Vitafort
365,1382,Signed OCP,ALF AMMAR,GREEFOS
366,1982,Signed Customer,ESIFAR,ESIFAR
367,1398,Signed OCP,Vial/Vitafort,ALF AMMAR
368,1383,Draft,CPF (Thailand) Public Company Limited,CP Group
369,1982,Signed OCP,Vial/Vitafort,ESIFAR
370,1982,Signed OCP,ALF AMMAR,Vial/Vitafort
371,1398,Signed OCP,ESIFAR,Vial/Vitafort
372,1443,Signed OCP,ALF AMMAR,ALF AMMAR
373,1398,Signed OCP,CPF (Thailand) Public Company Limited,Vial/Vitafort
374,1982,Draft,ESIFAR,GREEFOS
375,1443,Signed OCP,CPF (Thailand) Public Company Limited,CP Group
376,1982,Draft,CPF (Thailand) Public Company Limited,Vial/Vitafort
377,1383,Signed OCP,CPF (Thailand) Public Company Limited,GREEFOS
378,1443,Signed OCP,ALF AMMAR,GREEFOS
379,1982,Signed OCP,ALF AMMAR,CP Group
380,1443,Signed OCP,ESIFAR,ESIFAR
381,1982,Signed OCP,GREEFOS,Vial/Vitafort
382,1382,Signed OCP,ALF AMMAR,GREEFOS
383,1443,Draft,ESIFAR,ESIFAR
384,1443,Signed OCP,CPF (Thailand) Public Company Limited,Vial/Vitafort
385,1383,Signed OCP,Vial/Vitafort,ESIFAR
386,1982,Signed OCP,Vial/Vitafort,ALF AMMAR
387,1382,Signed OCP,ALF AMMAR,ESIFAR
388,1443,Draft,ESIFAR,ALF AMMAR
389,1383,Signed OCP,Vial/Vitafort,CP Group
390,1383,Signed OCP,ALF AMMAR,GREEFOS
391,1382,Signed OCP,ESIFAR,GREEFOS
392,1383,Signed Customer,ESIFAR,ALF AMMAR
393,1382,Draft,CPF (Thailand) Public Company Limited,CP Group
394,1383,Signed OCP,Vial/Vitafort,ALF AMMAR
395,1398,Signed OCP,CPF (Thailand) Public Company Limited,Vial/Vitafort
396,1382,Signed OCP,GREEFOS,CP Group
397,1443,Signed OCP,GREEFOS,ALF AMMAR
398,1443,Signed OCP,GREEFOS,Vial/Vitafort
399,1398,Signed OCP,ALF AMMAR,ALF AMMAR
400,1382,Signed OCP,Vial/Vitafort,Vial/Vitafort
401,1982,Signed OCP,CPF (Thailand) Public Company Limited,ALF AMMAR
402,1398,Signed OCP,Vial/Vitafort,ALF AMMAR
403,1383,Signed OCP,GREEFOS,CP Group
404,1398,Signed OCP,ALF AMMAR,ESIFAR
405,1443,Signed OCP,CPF (Thailand) Public Company Limited,ESIFAR
406,1443,Signed OCP,CPF (Thailand) Public Company Limited,GREEFOS
407,1382,Signed Customer,CPF (Thailand) Public Company Limited,GREEFOS
408,1398,Signed OCP,ESIFAR,CP Group
409,1982,Signed OCP,GREEFOS,Vial/Vitafort
410,1398,Signed OCP,ESIFAR,CP Group
411,1382,Signed OCP,ALF AMMAR,CP Group
412,1382,Draft,ESIFAR,GREEFOS
413,1398,Signed OCP,Vial/Vitafort,ESIFAR
414,1443,Signed Customer,ESIFAR,Vial/Vitafort
415,1382,Signed OCP,CPF (Thailand) Public Company Limited,CP Group
416,1982,Signed OCP,Vial/Vitafort,ALF AMMAR
417,1382,Signed OCP,CPF (Thailand) Public Company Limited,Vial/Vitafort
418,1398,Signed OCP,ALF AMMAR,Vial/Vitafort
419,1443,Signed OCP,ESIFAR,ESIFAR
420,1398,Signed OCP,CPF (Thailand) Public Company Limited,GREEFOS
421,1982,Signed Customer,GREEFOS,ALF AMMAR
422,1383,Signed OCP,CPF (Thailand) Public Company Limited,ALF AMMAR
423,1382,Draft,Vial/Vitafort,CP Group
424,1383,Signed OCP,Vial/Vitafort,GREEFOS
425,1382,Signed OCP,GREEFOS,ALF AMMAR
426,1982,Draft,Vial/Vitafort,GREEFOS
427,1982,Signed OCP,CPF (Thailand) Public Company Limited,ESIFAR
428,1398,Signed Customer,CPF (Thailand) Public Company Limited,Vial/Vitafort
429,1443,Signed Customer,CPF (Thailand) Public Company Limited,Vial/Vitafort
430,1383,Signed OCP,ALF AMMAR,CP Group
431,1443,Signed OCP,ALF AMMAR,CP Group
432,1398,Draft,ESIFAR,ALF AMMAR
433,1443,Signed OCP,GREEFOS,CP Group
434,1382,Signed Customer,CPF (Thailand) Public Company Limited,GREEFOS
435,1382,Signed OCP,ESIFAR,GREEFOS
436,1383,Draft,ALF AMMAR,Vial/Vitafort
437,1982,Signed OCP,CPF (Thailand) Public Company Limited,ALF AMMAR
438,1398,Signed OCP,GREEFOS,ESIFAR
439,1398,Signed OCP,ESIFAR,ESIFAR
440,1982,Signed Customer,Vial/Vitafort,GREEFOS
441,1383,Signed OCP,Vial/Vitafort,Vial/Vitafort
442,1383,Draft,ALF AMMAR,GREEFOS
443,1382,Signed Customer,Vial/Vitafort,Vial/Vitafort
444,1382,Signed OCP,ESIFAR,CP Group
445,1982,Signed OCP,Vial/Vitafort,GREEFOS
446,1398,Signed OCP,Vial/Vitafort,CP Group
447,1982,Signed OCP,ESIFAR,GREEFOS
448,1443,Draft,ALF AMMAR,ALF AMMAR
449,1443,Signed Customer,CPF (Thailand) Public Company Limited,ESIFAR
450,1982,Signed Customer,ESIFAR,Vial/Vitafort
451,1443,Draft,Vial/Vitafort,CP Group
452,1382,Signed OCP,ALF AMMAR,Vial/Vitafort
453,1398,Signed OCP,ALF AMMAR,ALF AMMAR
454,1982,Draft,ESIFAR,Vial/Vitafort
455,1443,Draft,ALF AMMAR,GREEFOS
456,1398,Draft,GREEFOS,GREEFOS
457,1383,Signed OCP,CPF (Thailand) Public Company Limited,CP Group
458,1443,Signed OCP,ESIFAR,ALF AMMAR
459,1382,Signed OCP,CPF (Thailand) Public Company Limited,Vial/Vitafort
460,1382,Signed OCP,GREEFOS,CP Group
461,1398,Signed OCP,GREEFOS,GREEFOS
462,1383,Signed OCP,CPF (Thailand) Public Company Limited,GREEFOS
463,1398,Signed OCP,ALF AMMAR,ALF AMMAR
464,1382,Signed OCP,ESIFAR,Vial/Vitafort
465,1443,Signed OCP,CPF (Thailand) Public Company Limited,Vial/Vitafort
466,1982,Signed OCP,GREEFOS,GREEFOS
467,1398,Signed OCP,Vial/Vitafort,ALF AMMAR
468,1443,Signed OCP,GREEFOS,ALF AMMAR
469,1398,Signed OCP,Vial/Vitafort,Vial/Vitafort
470,1398,Signed OCP,ALF AMMAR,ALF AMMAR
471,1382,Signed Customer,Vial/Vitafort,Vial/Vitafort
472,1982,Draft,CPF (Thailand) Public Company Limited,ESIFAR
473,1398,Signed OCP,Vial/Vitafort,ALF AMMAR
474,1383,Draft,ALF AMMAR,ALF AMMAR
475,1383,Draft,GREEFOS,Vial/Vitafort
476,1398,Signed OCP,CPF (Thailand) Public Company Limited,CP Group
477,1982,Signed OCP,Vial/Vitafort,CP Group
478,1382,Signed OCP,CPF (Thailand) Public Company Limited,CP Group
479,1398,Signed OCP,ESIFAR,ALF AMMAR
480,1398,Signed OCP,Vial/Vitafort,ALF AMMAR
481,1382,Signed Customer,Vial/Vitafort,Vial/Vitafort
482,1383,Signed OCP,Vial/Vitafort,ALF AMMAR
483,1982,Signed OCP,GREEFOS,GREEFOS
484,1398,Signed OCP,ESIFAR,Vial/Vitafort
485,1982,Signed OCP,GREEFOS,ESIFAR
486,1383,Signed Customer,GREEFOS,GREEFOS
487,1398,Draft,ALF AMMAR,ALF AMMAR
488,1982,Signed OCP,ALF AMMAR,Vial/Vitafort
489,1443,Signed OCP,ESIFAR,GREEFOS
490,1382,Draft,ALF AMMAR,GREEFOS
491,1443,Signed OCP,GREEFOS,ALF AMMAR
492,1982,Signed OCP,CPF (Thailand) Public Company Limited,ALF AMMAR
493,1398,Signed OCP,ALF AMMAR,ESIFAR
494,1383,Signed Customer,GREEFOS,GREEFOS
495,1382,Signed Customer,ALF AMMAR,GREEFOS
496,1398,Signed OCP,ESIFAR,ALF AMMAR
497,1982,Signed OCP,ALF AMMAR,CP Group
498,1398,Signed OCP,ESIFAR,ALF AMMAR
499,1382,Signed OCP,ALF AMMAR,ALF AMMAR
500,1443,Signed OCP,GREEFOS,Vial/Vitafort
501,1398,Signed OCP,ESIFAR,ALF AMMAR
502,1398,Signed Customer,ALF AMMAR,ALF AMMAR
503,1382,Signed OCP,CPF (Thailand) Public Company Limited,GREEFOS
504,1443,Signed OCP,Vial/Vitafort,GREEFOS
505,1383,Signed OCP,CPF (Thailand) Public Company Limited,GREEFOS
506,1398,Signed Customer,Vial/Vitafort,GREEFOS
507,1398,Draft,GREEFOS,CP Group
508,1398,Signed OCP,Vial/Vitafort,CP Group
509,1982,Signed Customer,ESIFAR,GREEFOS
510,1982,Signed OCP,ESIFAR,ALF AMMAR
511,1982,Signed OCP,ESIFAR,CP Group
512,1383,Signed OCP,ALF AMMAR,GREEFOS
513,1443,Draft,ALF AMMAR,ALF AMMAR
514,1982,Signed Customer,ESIFAR,CP Group
515,1443,Signed Customer,Vial/Vitafort,ALF AMMAR
516,1382,Draft,ALF AMMAR,CP Group
517,1398,Signed OCP,Vial/Vitafort,GREEFOS
518,1982,Signed OCP,ESIFAR,ESIFAR
519,1382,Signed OCP,ALF AMMAR,CP Group
520,1982,Draft,GREEFOS,CP Group
521,1982,Signed OCP,GREEFOS,ALF AMMAR
522,1398,Draft,GREEFOS,ESIFAR
523,1382,Signed OCP,CPF (Thailand) Public Company Limited,CP Group
524,1443,Signed OCP,ALF AMMAR,CP Group
525,1982,Signed OCP,Vial/Vitafort,Vial/Vitafort
526,1382,Signed Customer,GREEFOS,ESIFAR
527,1382,Draft,CPF (Thailand) Public Company Limited,ALF AMMAR
528,1398,Signed OCP,ALF AMMAR,Vial/Vitafort
529,1398,Signed OCP,CPF (Thailand) Public Company Limited,ALF AMMAR
530,1383,Signed Customer,GREEFOS,GREEFOS
531,1398,Signed Customer,GREEFOS,Vial/Vitafort
532,1383,Draft,ALF AMMAR,GREEFOS
533,1383,Signed OCP,Vial/Vitafort,Vial/Vitafort
534,1398,Signed OCP,GREEFOS,Vial/Vitafort
535,1398,Signed Customer,CPF (Thailand) Public Company Limited,CP Group
536,1383,Signed OCP,Vial/Vitafort,ESIFAR
537,1982,Signed OCP,GREEFOS,Vial/Vitafort
538,1982,Draft,ESIFAR,GREEFOS
539,1382,Signed OCP,ALF AMMAR,CP Group
540,1398,Signed OCP,ALF AMMAR,GREEFOS
541,1982,Draft,CPF (Thailand) Public Company Limited,ALF AMMAR
542,1398,Signed OCP,CPF (Thailand) Public Company Limited,CP Group
543,1398,Signed OCP,GREEFOS,GREEFOS
544,1382,Signed OCP,Vial/Vitafort,CP Group
545,1398,Signed Customer,ALF AMMAR,GREEFOS
546,1398,Signed OCP,CPF (Thailand) Public Company Limited,Vial/Vitafort
547,1398,Draft,Vial/Vitafort,Vial/Vitafort
548,1383,Signed Customer,Vial/Vitafort,ESIFAR
549,1382,Signed OCP,GREEFOS,Vial/Vitafort
550,1383,Signed OCP,ESIFAR,CP Group
551,1982,Signed OCP,CPF (Thailand) Public Company Limited,GREEFOS
552,1443,Signed OCP,ESIFAR,ESIFAR
553,1382,Signed OCP,ALF AMMAR,Vial/Vitafort
554,1383,Signed OCP,Vial/Vitafort,ALF AMMAR
555,1398,Signed OCP,ESIFAR,ESIFAR
556,1383,Draft,CPF (Thailand) Public Company Limited,GREEFOS
557,1383,Signed Customer,ESIFAR,Vial/Vitafort
558,1443,Draft,ALF AMMAR,ALF AMMAR
559,1383,Signed OCP,GREEFOS,GREEFOS
560,1398,Signed OCP,CPF (Thailand) Public Company Limited,CP Group
561,1383,Signed Customer,Vial/Vitafort,CP Group
562,1383,Signed OCP,ALF AMMAR,CP Group
563,1382,Signed OCP,ALF AMMAR,Vial/Vitafort
564,1383,Signed OCP,ESIFAR,CP Group
565,1383,Signed OCP,ALF AMMAR,GREEFOS
566,1382,Signed Customer,ALF AMMAR,Vial/Vitafort
567,1398,Signed Customer,GREEFOS,Vial/Vitafort
568,1982,Signed Customer,Vial/Vitafort,GREEFOS
569,1383,Signed OCP,Vial/Vitafort,Vial/Vitafort
570,1398,Signed OCP,Vial/Vitafort,Vial/Vitafort
571,1382,Signed OCP,GREEFOS,ESIFAR
572,1982,Signed Customer,Vial/Vitafort,GREEFOS
573,1383,Signed Customer,Vial/Vitafort,Vial/Vitafort
574,1398,Signed OCP,GREEFOS,Vial/Vitafort
575,1398,Draft,Vial/Vitafort,CP Group
576,1982,Signed OCP,ALF AMMAR,ESIFAR
577,1982,Signed OCP,CPF (Thailand) Public Company Limited,GREEFOS
578,1443,Signed OCP,ALF AMMAR,GREEFOS
579,1443,Signed Customer,ALF AMMAR,GREEFOS
580,1982,Signed OCP,CPF (Thailand) Public Company Limited,CP Group
581,1398,Signed OCP,GREEFOS,Vial/Vitafort
582,1398,Signed OCP,ALF AMMAR,Vial/Vitafort
583,1982,Signed OCP,ALF AMMAR,Vial/Vitafort
584,1383,Signed OCP,ALF AMMAR,ESIFAR
585,1982,Signed OCP,ESIFAR,CP Group
586,1382,Signed Customer,GREEFOS,CP Group
587,1383,Signed OCP,Vial/Vitafort,CP Group
588,1383,Signed OCP,ALF AMMAR,Vial/Vitafort
589,1382,Draft,Vial/Vitafort,GREEFOS
590,1443,Signed OCP,CPF (Thailand) Public Company Limited,ALF AMMAR
591,1382,Draft,ALF AMMAR,ALF AMMAR
592,1382,Signed OCP,ESIFAR,GREEFOS
593,1382,Signed Customer,ALF AMMAR,Vial/Vitafort
594,1383,Signed Customer,Vial/Vitafort,Vial/Vitafort
595,1383,Draft,GREEFOS,ALF AMMAR
596,1383,Signed OCP,CPF (Thailand) Public Company Limited,ESIFAR
597,1382,Signed Customer,ALF AMMAR,CP Group
598,1398,Draft,GREEFOS,CP Group
599,1398,Signed Customer,GREEFOS,CP Group
600,1382,Draft,ESIFAR,Vial/Vitafort
601,1982,Signed OCP,Vial/Vitafort,GREEFOS
602,1443,Signed OCP,ALF AMMAR,ALF AMMAR
603,1982,Signed OCP,GREEFOS,GREEFOS
604,1383,Signed OCP,ESIFAR,ALF AMMAR
605,1398,Draft,ESIFAR,GREEFOS
606,1398,Signed Customer,Vial/Vitafort,Vial/Vitafort
607,1383,Signed OCP,CPF (Thailand) Public Company Limited,Vial/Vitafort
608,1382,Signed OCP,ESIFAR,GREEFOS
609,1382,Draft,CPF (Thailand) Public Company Limited,Vial/Vitafort
610,1982,Draft,ALF AMMAR,CP Group
611,1383,Draft,CPF (Thailand) Public Company Limited,Vial/Vitafort
612,1443,Signed Customer,ALF AMMAR,ALF AMMAR
613,1982,Signed OCP,CPF (Thailand) Public Company Limited,Vial/Vitafort
614,1398,Draft,ALF AMMAR,ALF AMMAR
615,1982,Draft,Vial/Vitafort,Vial/Vitafort
616,1382,Signed Customer,ESIFAR,CP Group
617,1443,Signed OCP,ESIFAR,GREEFOS
618,1443,Signed OCP,ESIFAR,Vial/Vitafort
619,1982,Signed OCP,ESIFAR,Vial/Vitafort
620,1383,Signed Customer,ALF AMMAR,GREEFOS
621,1382,Signed OCP,ESIFAR,ESIFAR
622,1398,Signed OCP,ALF AMMAR,GREEFOS
623,1382,Draft,GREEFOS,ESIFAR
624,1383,Signed OCP,ALF AMMAR,ALF AMMAR
625,1382,Signed OCP,ALF AMMAR,GREEFOS
626,1398,Draft,Vial/Vitafort,Vial/Vitafort
627,1982,Signed OCP,GREEFOS,CP Group
628,1382,Signed OCP,CPF (Thailand) Public Company Limited,GREEFOS
629,1398,Signed OCP,ESIFAR,ALF AMMAR
630,1398,Draft,GREEFOS,GREEFOS
631,1398,Signed OCP,GREEFOS,ALF AMMAR
632,1398,Signed OCP,GREEFOS,GREEFOS
633,1383,Signed Customer,ALF AMMAR,Vial/Vitafort
634,1383,Draft,GREEFOS,GREEFOS
635,1383,Signed OCP,CPF (Thailand) Public Company Limited,ALF AMMAR
636,1443,Draft,ESIFAR,CP Group
637,1443,Draft,GREEFOS,GREEFOS
638,1982,Signed OCP,CPF (Thailand) Public Company Limited,Vial/Vitafort
639,1382,Signed Customer,ESIFAR,CP Group
640,1383,Signed Customer,ESIFAR,ALF AMMAR
641,1982,Signed OCP,ESIFAR,CP Group
642,1382,Signed OCP,Vial/Vitafort,ESIFAR
643,1382,Signed OCP,ALF AMMAR,ALF AMMAR
644,1443,Signed OCP,Vial/Vitafort,CP Group
645,1443,Signed OCP,ESIFAR,GREEFOS
646,1398,Draft,ALF AMMAR,Vial/Vitafort
647,1382,Signed OCP,ALF AMMAR,Vial/Vitafort
648,1982,Signed Customer,Vial/Vitafort,CP Group
649,1443,Signed Customer,GREEFOS,ESIFAR
650,1982,Signed OCP,CPF (Thailand) Public Company Limited,ALF AMMAR
651,1382,Signed OCP,ALF AMMAR,ESIFAR
652,1982,Signed Customer,GREEFOS,GREEFOS
653,1398,Signed Customer,ESIFAR,Vial/Vitafort
654,1383,Signed Customer,ESIFAR,Vial/Vitafort
655,1982,Draft,ESIFAR,ESIFAR
656,1383,Signed OCP,ESIFAR,GREEFOS
657,1382,Signed OCP,ALF AMMAR,Vial/Vitafort
658,1383,Signed OCP,Vial/Vitafort,ESIFAR
659,1383,Signed OCP,Vial/Vitafort,ALF AMMAR
660,1982,Draft,GREEFOS,Vial/Vitafort
661,1398,Draft,ESIFAR,Vial/Vitafort
662,1443,Draft,GREEFOS,CP Group
663,1443,Signed OCP,GREEFOS,ESIFAR
664,1443,Draft,ALF AMMAR,ESIFAR
665,1382,Draft,Vial/Vitafort,Vial/Vitafort
666,1383,Signed Customer,ESIFAR,CP Group
667,1398,Signed OCP,GREEFOS,GREEFOS
668,1383,Signed OCP,GREEFOS,CP Group
669,1382,Signed OCP,CPF (Thailand) Public Company Limited,GREEFOS
670,1443,Signed Customer,Vial/Vitafort,Vial/Vitafort
671,1382,Draft,Vial/Vitafort,GREEFOS
672,1398,Signed OCP,GREEFOS,GREEFOS
673,1383,Signed Customer,ESIFAR,GREEFOS
674,1383,Signed OCP,ESIFAR,GREEFOS
675,1382,Draft,CPF (Thailand) Public Company Limited,ALF AMMAR
676,1398,Signed OCP,ALF AMMAR,Vial/Vitafort
677,1982,Signed OCP,ESIFAR,Vial/Vitafort
678,1383,Signed OCP,CPF (Thailand) Public Company Limited,GREEFOS
679,1398,Signed OCP,ESIFAR,Vial/Vitafort
680,1443,Signed Customer,ALF AMMAR,CP Group
681,1398,Signed OCP,GREEFOS,Vial/Vitafort
682,1982,Signed OCP,ALF AMMAR,ESIFAR
683,1398,Signed OCP,Vial/Vitafort,ESIFAR
684,1982,Signed OCP,ESIFAR,CP Group
685,1398,Signed OCP,GREEFOS,CP Group
686,1383,Signed OCP,ALF AMMAR,ESIFAR
687,1443,Signed OCP,CPF (Thailand) Public Company Limited,Vial/Vitafort
688,1382,Signed OCP,ALF AMMAR,ALF AMMAR
689,1398,Draft,CPF (Thailand) Public Company Limited,GREEFOS
690,1443,Signed OCP,ESIFAR,CP Group
691,1382,Signed OCP,GREEFOS,Vial/Vitafort
692,1443,Signed Customer,Vial/Vitafort,GREEFOS
693,1443,Signed OCP,Vial/Vitafort,ESIFAR
694,1382,Signed Customer,Vial/Vitafort,ESIFAR
695,1398,Signed OCP,ALF AMMAR,Vial/Vitafort
696,1383,Signed Customer,CPF (Thailand) Public Company Limited,ALF AMMAR
697,1383,Signed OCP,ALF AMMAR,CP Group
698,1382,Signed OCP,Vial/Vitafort,Vial/Vitafort
699,1982,Signed Customer,Vial/Vitafort,CP Group
700,1982,Signed OCP,GREEFOS,GREEFOS
701,1398,Signed OCP,ESIFAR,ALF AMMAR
702,1443,Signed OCP,ESIFAR,GREEFOS
703,1443,Signed OCP,ESIFAR,ALF AMMAR
704,1398,Signed OCP,Vial/Vitafort,GREEFOS
705,1398,Signed OCP,CPF (Thailand) Public Company Limited,ESIFAR
706,1382,Draft,ESIFAR,GREEFOS
707,1383,Signed Customer,CPF (Thailand) Public Company Limited,ALF AMMAR
708,1382,Signed OCP,ALF AMMAR,CP Group
709,1398,Signed OCP,ESIFAR,CP Group
710,1398,Draft,ESIFAR,GREEFOS
711,1383,Draft,ALF AMMAR,GREEFOS
712,1982,Signed OCP,GREEFOS,ALF AMMAR
713,1383,Signed OCP,GREEFOS,CP Group
714,1383,Signed OCP,CPF (Thailand) Public Company Limited,CP Group
715,1383,Signed Customer,ESIFAR,ESIFAR
716,1398,Signed OCP,ESIFAR,Vial/Vitafort
717,1382,Signed OCP,GREEFOS,ALF AMMAR
718,1382,Signed OCP,GREEFOS,Vial/Vitafort
719,1398,Draft,Vial/Vitafort,ALF AMMAR
720,1982,Signed OCP,GREEFOS,ESIFAR
721,1982,Signed Customer,ESIFAR,Vial/Vitafort
722,1982,Draft,Vial/Vitafort,GREEFOS
723,1443,Draft,ALF AMMAR,ESIFAR
724,1398,Signed OCP,Vial/Vitafort,GREEFOS
725,1982,Draft,Vial/Vitafort,Vial/Vitafort
726,1383,Signed OCP,ESIFAR,Vial/Vitafort
727,1382,Signed OCP,ALF AMMAR,ALF AMMAR
728,1398,Draft,Vial/Vitafort,ESIFAR
729,1382,Signed OCP,Vial/Vitafort,Vial/Vitafort
730,1398,Signed OCP,ESIFAR,GREEFOS
731,1398,Signed OCP,GREEFOS,ALF AMMAR
732,1383,Signed Customer,ESIFAR,Vial/Vitafort
733,1383,Signed OCP,ESIFAR,Vial/Vitafort
734,1398,Signed Customer,Vial/Vitafort,ESIFAR
735,1982,Signed Customer,ESIFAR,GREEFOS
736,1398,Signed OCP,Vial/Vitafort,ALF AMMAR
737,1398,Signed OCP,CPF (Thailand) Public Company Limited,ESIFAR
738,1982,Signed OCP,ESIFAR,GREEFOS
739,1398,Signed Customer,Vial/Vitafort,ALF AMMAR
740,1982,Signed OCP,CPF (Thailand) Public Company Limited,Vial/Vitafort
741,1382,Signed OCP,CPF (Thailand) Public Company Limited,Vial/Vitafort
742,1443,Signed Customer,ALF AMMAR,Vial/Vitafort
743,1398,Draft,Vial/Vitafort,ESIFAR
744,1982,Draft,GREEFOS,GREEFOS
745,1382,Signed Customer,Vial/Vitafort,CP Group
746,1382,Signed Customer,Vial/Vitafort,CP Group
747,1443,Signed Customer,CPF (Thailand) Public Company Limited,CP Group
748,1382,Signed OCP,CPF (Thailand) Public Company Limited,ESIFAR
749,1382,Draft,Vial/Vitafort,ALF AMMAR
750,1443,Signed OCP,GREEFOS,CP Group
751,1443,Draft,Vial/Vitafort,Vial/Vitafort
752,1383,Signed Customer,ALF AMMAR,ALF AMMAR
753,1982,Signed OCP,GREEFOS,ESIFAR
754,1398,Draft,Vial/Vitafort,GREEFOS
755,1982,Draft,CPF (Thailand) Public Company Limited,ALF AMMAR
756,1982,Signed OCP,ESIFAR,GREEFOS
757,1443,Signed OCP,GREEFOS,GREEFOS
758,1382,Signed OCP,ALF AMMAR,CP Group
759,1383,Signed OCP,Vial/Vitafort,CP Group
760,1982,Signed OCP,ESIFAR,ESIFAR
761,1443,Signed OCP,ALF AMMAR,CP Group
762,1383,Signed OCP,ESIFAR,CP Group
763,1443,Signed OCP,ALF AMMAR,Vial/Vitafort
764,1443,Draft,Vial/Vitafort,CP Group
765,1398,Signed Customer,CPF (Thailand) Public Company Limited,CP Group
766,1443,Signed OCP,ESIFAR,ESIFAR
767,1982,Signed OCP,ALF AMMAR,Vial/Vitafort
768,1982,Signed OCP,ESIFAR,ALF AMMAR
769,1382,Signed OCP,ESIFAR,GREEFOS
770,1382,Signed Customer,ALF AMMAR,ESIFAR
771,1383,Signed OCP,ESIFAR,Vial/Vitafort
772,1443,Signed OCP,CPF (Thailand) Public Company Limited,GREEFOS
773,1382,Signed OCP,ALF AMMAR,ESIFAR
774,1382,Signed OCP,CPF (Thailand) Public Company Limited,ALF AMMAR
775,1443,Signed OCP,GREEFOS,GREEFOS
776,1443,Signed OCP,ESIFAR,GREEFOS
777,1383,Signed OCP,ESIFAR,GREEFOS
778,1982,Draft,Vial/Vitafort,Vial/Vitafort
779,1443,Draft,Vial/Vitafort,ALF AMMAR
780,1982,Signed OCP,ESIFAR,GREEFOS
781,1398,Signed OCP,GREEFOS,ESIFAR
782,1382,Signed OCP,ALF AMMAR,ESIFAR
783,1382,Draft,Vial/Vitafort,Vial/Vitafort
784,1382,Signed OCP,Vial/Vitafort,ESIFAR
785,1382,Signed OCP,GREEFOS,GREEFOS
786,1443,Signed OCP,Vial/Vitafort,ESIFAR
787,1382,Signed OCP,CPF (Thailand) Public Company Limited,ESIFAR
788,1382,Signed Customer,ESIFAR,GREEFOS
789,1443,Signed OCP,ESIFAR,GREEFOS
790,1398,Signed Customer,ALF AMMAR,ALF AMMAR
791,1982,Signed OCP,ALF AMMAR,ALF AMMAR
792,1383,Signed OCP,CPF (Thailand) Public Company Limited,ALF AMMAR
793,1382,Signed Customer,GREEFOS,CP Group
794,1443,Signed OCP,GREEFOS,CP Group
795,1383,Signed Customer,GREEFOS,Vial/Vitafort
796,1382,Signed OCP,GREEFOS,CP Group
797,1982,Signed OCP,Vial/Vitafort,GREEFOS
798,1982,Signed OCP,ESIFAR,CP Group
799,1383,Draft,CPF (Thailand) Public Company Limited,ALF AMMAR
800,1383,Draft,CPF (Thailand) Public Company Limited,Vial/Vitafort
801,1398,Signed OCP,ESIFAR,ESIFAR
802,1443,Signed OCP,ALF AMMAR,Vial/Vitafort
803,1398,Signed OCP,Vial/Vitafort,GREEFOS
804,1398,Draft,ALF AMMAR,CP Group
805,1398,Signed OCP,CPF (Thailand) Public Company Limited,CP Group
806,1383,Signed Customer,GREEFOS,ESIFAR
807,1398,Signed OCP,ALF AMMAR,ALF AMMAR
808,1382,Signed Customer,GREEFOS,GREEFOS
809,1383,Draft,ESIFAR,CP Group
810,1982,Signed OCP,CPF (Thailand) Public Company Limited,Vial/Vitafort
811,1443,Signed OCP,CPF (Thailand) Public Company Limited,GREEFOS
812,1398,Signed OCP,GREEFOS,ALF AMMAR
813,1383,Signed Customer,GREEFOS,ALF AMMAR
814,1982,Signed OCP,ALF AMMAR,GREEFOS
815,1382,Signed OCP,ESIFAR,GREEFOS
816,1443,Draft,ESIFAR,GREEFOS
817,1398,Signed OCP,CPF (Thailand) Public Company Limited,CP Group
818,1398,Draft,CPF (Thailand) Public Company Limited,GREEFOS
819,1383,Signed OCP,ALF AMMAR,ALF AMMAR
820,1398,Signed OCP,GREEFOS,CP Group
821,1383,Signed OCP,CPF (Thailand) Public Company Limited,Vial/Vitafort
822,1443,Signed OCP,Vial/Vitafort,ALF AMMAR
823,1443,Draft,Vial/Vitafort,ALF AMMAR
824,1382,Signed Customer,GREEFOS,GREEFOS
825,1443,Draft,Vial/Vitafort,CP Group
826,1383,Draft,GREEFOS,Vial/Vitafort
827,1443,Signed Customer,CPF (Thailand) Public Company Limited,ALF AMMAR
828,1982,Signed OCP,ALF AMMAR,ALF AMMAR
829,1398,Draft,CPF (Thailand) Public Company Limited,Vial/Vitafort
830,1382,Draft,Vial/Vitafort,ALF AMMAR
831,1382,Draft,ESIFAR,ESIFAR
832,1382,Signed OCP,ALF AMMAR,ALF AMMAR
833,1398,Draft,ALF AMMAR,Vial/Vitafort
834,1398,Signed OCP,Vial/Vitafort,ESIFAR
835,1382,Signed OCP,Vial/Vitafort,GREEFOS
836,1382,Signed OCP,ALF AMMAR,ALF AMMAR
837,1383,Draft,CPF (Thailand) Public Company Limited,Vial/Vitafort
838,1443,Signed OCP,CPF (Thailand) Public Company Limited,Vial/Vitafort
839,1982,Signed Customer,ESIFAR,ESIFAR
840,1398,Signed Customer,Vial/Vitafort,Vial/Vitafort
841,1382,Draft,GREEFOS,CP Group
842,1982,Signed OCP,ESIFAR,ALF AMMAR
843,1383,Signed OCP,ESIFAR,CP Group
844,1383,Signed OCP,GREEFOS,GREEFOS
845,1383,Signed Customer,CPF (Thailand) Public Company Limited,ALF AMMAR
846,1443,Signed OCP,Vial/Vitafort,Vial/Vitafort
847,1383,Signed OCP,Vial/Vitafort,ESIFAR
848,1982,Signed OCP,GREEFOS,GREEFOS
849,1982,Signed Customer,ESIFAR,ALF AMMAR
850,1982,Signed OCP,CPF (Thailand) Public Company Limited,ALF AMMAR
851,1443,Signed OCP,ALF AMMAR,Vial/Vitafort
852,1443,Draft,CPF (Thailand) Public Company Limited,ESIFAR
853,1982,Signed OCP,GREEFOS,ALF AMMAR
854,1383,Signed Customer,ESIFAR,GREEFOS
855,1398,Draft,GREEFOS,Vial/Vitafort
856,1443,Signed Customer,Vial/Vitafort,ESIFAR
857,1383,Signed OCP,CPF (Thailand) Public Company Limited,ESIFAR
858,1982,Signed OCP,Vial/Vitafort,ALF AMMAR
859,1398,Signed OCP,CPF (Thailand) Public Company Limited,GREEFOS
860,1982,Signed OCP,GREEFOS,CP Group
861,1383,Signed OCP,ESIFAR,CP Group
862,1398,Draft,GREEFOS,ESIFAR
863,1982,Signed OCP,GREEFOS,ESIFAR
864,1383,Signed Customer,GREEFOS,ALF AMMAR
865,1982,Signed OCP,CPF (Thailand) Public Company Limited,CP Group
866,1398,Signed Customer,ALF AMMAR,CP Group
867,1382,Draft,GREEFOS,ESIFAR
868,1382,Signed Customer,ESIFAR,ESIFAR
869,1398,Draft,CPF (Thailand) Public Company Limited,ALF AMMAR
870,1383,Signed OCP,GREEFOS,GREEFOS
871,1982,Signed OCP,Vial/Vitafort,Vial/Vitafort
872,1443,Signed OCP,Vial/Vitafort,GREEFOS
873,1398,Signed OCP,ESIFAR,ALF AMMAR
874,1982,Signed Customer,ESIFAR,GREEFOS
875,1443,Signed OCP,ALF AMMAR,Vial/Vitafort
876,1443,Signed OCP,ESIFAR,GREEFOS
877,1982,Draft,Vial/Vitafort,Vial/Vitafort
878,1982,Draft,Vial/Vitafort,ESIFAR
879,1982,Signed OCP,GREEFOS,CP Group
880,1383,Signed OCP,Vial/Vitafort,Vial/Vitafort
881,1398,Signed OCP,GREEFOS,ESIFAR
882,1443,Signed OCP,ESIFAR,CP Group
883,1398,Signed OCP,CPF (Thailand) Public Company Limited,ESIFAR
884,1443,Signed Customer,CPF (Thailand) Public Company Limited,ESIFAR
885,1982,Signed OCP,ALF AMMAR,CP Group
886,1982,Signed OCP,CPF (Thailand) Public Company Limited,ESIFAR
887,1382,Draft,CPF (Thailand) Public Company Limited,ESIFAR
888,1982,Signed OCP,ALF AMMAR,GREEFOS
889,1443,Draft,ALF AMMAR,Vial/Vitafort
890,1398,Signed OCP,CPF (Thailand) Public Company Limited,ALF AMMAR
891,1982,Draft,CPF (Thailand) Public Company Limited,CP Group
892,1382,Signed Customer,CPF (Thailand) Public Company Limited,GREEFOS
893,1443,Signed OCP,Vial/Vitafort,CP Group
894,1382,Signed OCP,ALF AMMAR,ESIFAR
895,1398,Signed OCP,GREEFOS,GREEFOS
896,1982,Signed OCP,ESIFAR,Vial/Vitafort
897,1383,Signed Customer,CPF (Thailand) Public Company Limited,GREEFOS
898,1382,Signed OCP,Vial/Vitafort,CP Group
899,1982,Signed Customer,ALF AMMAR,ALF AMMAR
900,1382,Signed OCP,ALF AMMAR,ESIFAR
901,1982,Signed OCP,CPF (Thailand) Public Company Limited,ESIFAR
902,1382,Signed Customer,CPF (Thailand) Public Company Limited,CP Group
903,1982,Draft,ESIFAR,CP Group
904,1398,Signed Customer,Vial/Vitafort,ALF AMMAR
905,1982,Signed OCP,ESIFAR,Vial/Vitafort
906,1982,Signed Customer,ALF AMMAR,GREEFOS
907,1398,Signed OCP,CPF (Thailand) Public Company Limited,ALF AMMAR
908,1398,Draft,GREEFOS,Vial/Vitafort
909,1982,Draft,ALF AMMAR,GREEFOS
910,1398,Signed OCP,Vial/Vitafort,Vial/Vitafort
911,1382,Signed OCP,ALF AMMAR,CP Group
912,1383,Draft,ALF AMMAR,ALF AMMAR
913,1398,Signed OCP,GREEFOS,Vial/Vitafort
914,1398,Signed OCP,ALF AMMAR,CP Group
915,1443,Signed OCP,ESIFAR,ALF AMMAR
916,1383,Draft,Vial/Vitafort,ESIFAR
917,1383,Draft,CPF (Thailand) Public Company Limited,GREEFOS
918,1982,Signed OCP,CPF (Thailand) Public Company Limited,Vial/Vitafort
919,1443,Signed OCP,Vial/Vitafort,ESIFAR
920,1382,Draft,GREEFOS,ALF AMMAR
921,1383,Signed OCP,Vial/Vitafort,GREEFOS
922,1382,Signed OCP,ALF AMMAR,ESIFAR
923,1382,Signed OCP,ALF AMMAR,Vial/Vitafort
924,1383,Signed OCP,ALF AMMAR,ALF AMMAR
925,1382,Signed OCP,GREEFOS,ALF AMMAR
926,1382,Draft,ALF AMMAR,GREEFOS
927,1398,Signed Customer,ESIFAR,ESIFAR
928,1383,Signed Customer,Vial/Vitafort,GREEFOS
929,1382,Signed OCP,ESIFAR,ESIFAR
930,1398,Signed OCP,GREEFOS,ALF AMMAR
931,1382,Signed OCP,ESIFAR,ALF AMMAR
932,1982,Signed OCP,GREEFOS,ALF AMMAR
933,1398,Signed OCP,Vial/Vitafort,GREEFOS
934,1982,Signed OCP,Vial/Vitafort,Vial/Vitafort
935,1383,Signed OCP,GREEFOS,ESIFAR
936,1982,Signed OCP,Vial/Vitafort,ESIFAR
937,1383,Draft,ALF AMMAR,ALF AMMAR
938,1982,Signed OCP,ALF AMMAR,ESIFAR
939,1398,Draft,ESIFAR,ALF AMMAR
940,1383,Signed OCP,ALF AMMAR,CP Group
941,1383,Signed OCP,ESIFAR,CP Group
942,1398,Signed OCP,ESIFAR,Vial/Vitafort
943,1443,Signed OCP,CPF (Thailand) Public Company Limited,ALF AMMAR
944,1443,Draft,ESIFAR,ALF AMMAR
945,1443,Draft,CPF (Thailand) Public Company Limited,GREEFOS
946,1383,Signed Customer,GREEFOS,Vial/Vitafort
947,1382,Signed OCP,GREEFOS,GREEFOS
948,1383,Signed Customer,ESIFAR,ESIFAR
949,1383,Signed OCP,ALF AMMAR,ALF AMMAR
950,1383,Draft,CPF (Thailand) Public Company Limited,ESIFAR
951,1982,Draft,Vial/Vitafort,ALF AMMAR
952,1382,Signed Customer,CPF (Thailand) Public Company Limited,GREEFOS
953,1382,Draft,ESIFAR,Vial/Vitafort
954,1382,Signed Customer,CPF (Thailand) Public Company Limited,ALF AMMAR
955,1982,Signed OCP,ESIFAR,ESIFAR
956,1982,Draft,ESIFAR,Vial/Vitafort
957,1382,Signed OCP,GREEFOS,ESIFAR
958,1382,Signed OCP,ESIFAR,Vial/Vitafort
959,1982,Signed OCP,CPF (Thailand) Public Company Limited,CP Group
960,1443,Signed Customer,ESIFAR,CP Group
961,1398,Signed OCP,GREEFOS,GREEFOS
962,1382,Draft,GREEFOS,ESIFAR
963,1383,Signed OCP,Vial/Vitafort,CP Group
964,1382,Signed Customer,ALF AMMAR,ESIFAR
965,1443,Signed OCP,GREEFOS,GREEFOS
966,1382,Signed OCP,ESIFAR,ESIFAR
967,1382,Signed OCP,Vial/Vitafort,Vial/Vitafort
968,1383,Signed OCP,Vial/Vitafort,ESIFAR
969,1398,Signed Customer,GREEFOS,ALF AMMAR
970,1398,Signed OCP,GREEFOS,CP Group
971,1383,Signed OCP,CPF (Thailand) Public Company Limited,GREEFOS
972,1982,Draft,Vial/Vitafort,Vial/Vitafort
973,1443,Signed Customer,GREEFOS,Vial/Vitafort
974,1443,Signed OCP,ESIFAR,CP Group
975,1443,Signed OCP,Vial/Vitafort,ALF AMMAR
976,1382,Signed Customer,ESIFAR,ALF AMMAR
977,1382,Signed Customer,ALF AMMAR,GREEFOS
978,1382,Signed Customer,Vial/Vitafort,ALF AMMAR
979,1982,Signed OCP,ESIFAR,ESIFAR
980,1982,Signed OCP,GREEFOS,Vial/Vitafort
981,1383,Draft,GREEFOS,ESIFAR
982,1443,Signed OCP,ALF AMMAR,CP Group
983,1382,Signed OCP,ALF AMMAR,ALF AMMAR
984,1982,Signed Customer,CPF (Thailand) Public Company Limited,ALF AMMAR
985,1982,Signed OCP,ESIFAR,CP Group
986,1982,Signed OCP,ALF AMMAR,CP Group
987,1443,Draft,CPF (Thailand) Public Company Limited,ESIFAR
988,1982,Signed Customer,GREEFOS,GREEFOS
989,1382,Signed OCP,CPF (Thailand) Public Company Limited,ALF AMMAR
990,1383,Signed OCP,Vial/Vitafort,ESIFAR
991,1398,Signed Customer,CPF (Thailand) Public Company Limited,Vial/Vitafort
992,1382,Signed OCP,CPF (Thailand) Public Company Limited,Vial/Vitafort
993,1383,Signed OCP,GREEFOS,ESIFAR
994,1443,Draft,ALF AMMAR,GREEFOS
995,1383,Signed Customer,ESIFAR,ESIFAR
996,1398,Signed Customer,Vial/Vitafort,CP Group
997,1398,Signed Customer,GREEFOS,ESIFAR
998,1383,Signed Customer,ALF AMMAR,CP Group
999,1398,Signed OCP,ALF AMMAR,ESIFAR
