pid,Category,Price,Branding,bag_size,weight,percentage
0,MDCP,730,Phosfeed,S,1150,30
1,MCP,780,Phosfeed,S,1200,25
2,MDCP,780,Neutre,B,1100,11
3,MDCP,730,Phosfeed,B,1150,18
4,MDCP,740,Phosfeed,S,1100,11
5,MDCP,730,Phosfeed,S,1100,10
6,DCP,780,Phosfeed,S,1300,30
7,MDCP,740,Phosfeed,S,1300,10
8,MDCP,730,Neutre,B,1200,18
9,DCP,740,Neutre,B,1300,30
10,MDCP,740,Phosfeed,S,1150,10
11,DCP,740,Phosfeed,B,1000,30
12,DCP,610,Phosfeed,S,1150,30
13,MDCP,780,Phosfeed,B,1200,11
14,DCP,780,Phosfeed,S,1100,11
15,MDCP,730,Phosfeed,B,1300,25
16,MDCP,690,Phosfeed,B,1100,25
17,DCP,780,Phosfeed,B,1100,30
18,MDCP,780,Phosfeed,S,1200,25
19,MDCP,730,Phosfeed,B,1100,10
20,MDCP,610,Phosfeed,S,1000,18
21,MDCP,690,Neutre,S,1300,30
22,MDCP,730,Phosfeed,B,1150,25
23,DCP,740,Phosfeed,B,1300,25
24,MCP,740,Neutre,S,1100,25
25,MDCP,740,Phosfeed,B,1150,25
26,MCP,740,Phosfeed,B,1200,30
27,MCP,740,Phosfeed,B,1000,25
28,MDCP,690,Phosfeed,B,1300,30
29,MDCP,730,Neutre,S,1150,30
30,MDCP,740,Phosfeed,S,1100,18
31,MCP,780,Phosfeed,B,1000,11
32,MDCP,610,Phosfeed,B,1000,18
33,MCP,780,Phosfeed,B,1150,30
34,MCP,610,Neutre,B,1150,11
35,MDCP,730,Phosfeed,B,1300,10
36,MDCP,690,Phosfeed,S,1200,18
37,MCP,730,Phosfeed,B,1150,10
38,MDCP,740,Phosfeed,B,1300,11
39,MDCP,780,Phosfeed,S,1150,30
40,DCP,610,Phosfeed,B,1300,10
41,DCP,730,Phosfeed,B,1000,18
42,DCP,690,Neutre,B,1300,10
43,MCP,730,Phosfeed,S,1000,10
44,MCP,730,Phosfeed,S,1100,30
45,MDCP,740,Phosfeed,B,1000,10
46,MDCP,780,Phosfeed,S,1100,25
47,MDCP,690,Phosfeed,S,1000,18
48,MDCP,610,Phosfeed,B,1150,25
49,MDCP,690,Phosfeed,B,1000,18
50,MDCP,690,Phosfeed,B,1300,30
51,MDCP,690,Phosfeed,S,1300,18
52,MCP,740,Phosfeed,B,1000,18
53,MCP,730,Phosfeed,B,1100,18
54,MCP,740,Phosfeed,S,1300,25
55,MCP,740,Neutre,B,1150,11
56,MDCP,740,Phosfeed,B,1300,10
57,MDCP,610,Phosfeed,B,1150,30
58,MDCP,690,Phosfeed,B,1300,30
59,DCP,780,Phosfeed,B,1200,18
60,MCP,730,Phosfeed,B,1100,10
61,MDCP,690,Phosfeed,B,1200,25
62,MDCP,610,Phosfeed,B,1200,11
63,MCP,780,Phosfeed,S,1100,30
64,MDCP,780,Phosfeed,S,1200,11
65,MCP,740,Phosfeed,B,1200,18
66,MDCP,610,Phosfeed,B,1200,18
67,DCP,780,Neutre,B,1100,10
68,MDCP,690,Neutre,S,1000,25
69,MDCP,730,Phosfeed,B,1000,11
70,MDCP,690,Phosfeed,B,1150,30
71,MDCP,780,Phosfeed,B,1100,18
72,MDCP,740,Phosfeed,B,1300,11
73,MCP,690,Phosfeed,S,1100,30
74,MDCP,780,Phosfeed,S,1200,25
75,MDCP,730,Phosfeed,B,1300,25
76,MCP,690,Phosfeed,B,1000,25
77,DCP,740,Phosfeed,B,1200,25
78,MDCP,690,Phosfeed,B,1000,18
79,MCP,780,Phosfeed,B,1150,18
80,MDCP,610,Phosfeed,S,1200,25
81,MCP,730,Phosfeed,B,1200,18
82,MDCP,740,Phosfeed,B,1300,10
83,MCP,780,Phosfeed,S,1150,30
84,MCP,740,Phosfeed,S,1000,10
85,MDCP,740,Neutre,B,1100,25
86,MCP,740,Phosfeed,S,1000,10
87,MCP,690,Phosfeed,S,1150,25
88,DCP,780,Phosfeed,S,1000,11
89,MDCP,610,Phosfeed,B,1150,25
90,MCP,690,Phosfeed,B,1200,10
91,MDCP,610,Phosfeed,B,1100,30
92,MCP,690,Phosfeed,B,1100,25
93,MCP,610,Phosfeed,S,1200,25
94,MDCP,690,Phosfeed,B,1200,18
95,MCP,610,Phosfeed,B,1000,18
96,MDCP,610,Phosfeed,S,1300,11
97,MDCP,690,Phosfeed,B,1300,11
98,DCP,740,Neutre,B,1000,25
99,MDCP,740,Phosfeed,B,1100,18
100,MDCP,780,Phosfeed,S,1000,30
101,MDCP,740,Phosfeed,S,1000,30
102,DCP,610,Phosfeed,S,1200,25
103,MDCP,780,Phosfeed,S,1300,10
104,MCP,740,Phosfeed,B,1150,10
105,MCP,780,Phosfeed,B,1100,30
106,MDCP,690,Phosfeed,S,1000,18
107,MDCP,780,Phosfeed,B,1200,30
108,MDCP,610,Phosfeed,S,1300,25
109,MDCP,730,Phosfeed,B,1000,18
110,MDCP,780,Phosfeed,B,1150,25
111,MDCP,740,Neutre,B,1200,30
112,MDCP,780,Phosfeed,S,1200,11
113,MDCP,730,Phosfeed,B,1200,18
114,MDCP,730,Phosfeed,B,1300,11
115,MDCP,610,Phosfeed,S,1000,11
116,MCP,730,Phosfeed,B,1200,11
117,MCP,740,Phosfeed,B,1100,10
118,MCP,730,Phosfeed,B,1150,18
119,MDCP,730,Phosfeed,S,1300,11
120,MCP,740,Phosfeed,B,1000,10
121,MCP,740,Phosfeed,B,1000,25
122,MDCP,780,Phosfeed,S,1200,30
123,MDCP,610,Phosfeed,S,1100,25
124,DCP,740,Phosfeed,S,1100,11
125,MDCP,740,Phosfeed,B,1100,25
126,MDCP,690,Neutre,S,1200,10
127,MDCP,690,Phosfeed,B,1200,30
128,MCP,740,Phosfeed,B,1150,30
129,MDCP,610,Neutre,B,1300,10
130,MDCP,780,Phosfeed,S,1150,18
131,DCP,730,Neutre,B,1000,10
132,MDCP,740,Phosfeed,B,1000,30
133,MCP,730,Phosfeed,S,1200,11
134,MDCP,730,Phosfeed,B,1300,10
135,MCP,730,Phosfeed,B,1150,18
136,MCP,780,Phosfeed,B,1100,10
137,MDCP,780,Phosfeed,S,1300,10
138,MDCP,610,Neutre,B,1300,25
139,MDCP,740,Phosfeed,B,1200,30
140,MDCP,780,Neutre,S,1300,25
141,MDCP,730,Phosfeed,B,1100,18
142,MDCP,740,Neutre,S,1150,18
143,MDCP,730,Phosfeed,B,1200,11
144,MDCP,730,Phosfeed,S,1000,25
145,MDCP,780,Phosfeed,S,1150,18
146,MDCP,780,Phosfeed,S,1100,25
147,MDCP,690,Phosfeed,B,1200,25
148,MDCP,780,Neutre,B,1300,11
149,MCP,780,Phosfeed,B,1150,10
150,MDCP,730,Phosfeed,B,1100,18
151,DCP,610,Neutre,B,1300,10
152,MCP,740,Neutre,B,1150,11
153,MCP,780,Neutre,S,1200,11
154,MDCP,690,Neutre,B,1150,10
155,MDCP,730,Phosfeed,S,1300,30
156,MCP,740,Phosfeed,S,1300,30
157,MDCP,610,Phosfeed,B,1300,25
158,MDCP,730,Phosfeed,S,1000,10
159,MDCP,740,Phosfeed,S,1100,11
160,MDCP,610,Phosfeed,S,1200,11
161,MDCP,610,Phosfeed,S,1300,30
162,MDCP,610,Phosfeed,S,1300,18
163,DCP,690,Phosfeed,B,1000,30
164,MDCP,780,Phosfeed,S,1100,11
165,MDCP,730,Phosfeed,S,1150,18
166,MCP,690,Phosfeed,B,1100,11
167,MDCP,740,Neutre,S,1000,10
168,DCP,730,Neutre,B,1200,30
169,MDCP,780,Phosfeed,S,1150,10
170,DCP,610,Neutre,B,1200,10
171,DCP,780,Phosfeed,B,1300,18
172,MDCP,780,Phosfeed,S,1200,18
173,MDCP,780,Phosfeed,S,1200,11
174,MDCP,690,Phosfeed,S,1150,18
175,MDCP,730,Neutre,B,1150,10
176,DCP,740,Phosfeed,B,1300,18
177,MDCP,730,Neutre,B,1100,11
178,MDCP,610,Neutre,B,1000,25
179,MDCP,780,Phosfeed,S,1000,11
180,DCP,730,Phosfeed,B,1000,18
181,MDCP,740,Phosfeed,S,1200,18
182,MCP,690,Neutre,B,1150,25
183,MDCP,730,Phosfeed,B,1150,30
184,MDCP,690,Phosfeed,S,1300,18
185,MDCP,740,Phosfeed,B,1300,30
186,MDCP,740,Phosfeed,S,1200,11
187,MDCP,610,Phosfeed,S,1300,10
188,MCP,610,Phosfeed,S,1150,30
189,MDCP,730,Phosfeed,B,1100,25
190,MDCP,690,Phosfeed,B,1200,11
191,MDCP,780,Phosfeed,B,1300,30
192,MDCP,690,Neutre,B,1300,18
193,MDCP,610,Phosfeed,S,1150,30
194,MDCP,610,Phosfeed,B,1100,10
195,MCP,690,Phosfeed,S,1150,30
196,MDCP,690,Phosfeed,S,1000,18
197,DCP,730,Neutre,B,1000,18
198,MDCP,730,Phosfeed,B,1200,11
199,MDCP,780,Phosfeed,S,1300,11
200,MCP,780,Phosfeed,B,1000,11
201,MDCP,740,Neutre,S,1150,30
202,MDCP,730,Phosfeed,B,1300,18
203,MCP,740,Phosfeed,S,1150,25
204,MDCP,780,Phosfeed,B,1200,10
205,MDCP,610,Phosfeed,B,1300,10
206,MDCP,610,Phosfeed,B,1100,11
207,DCP,780,Phosfeed,S,1150,10
208,MCP,690,Phosfeed,S,1150,18
209,MDCP,610,Phosfeed,S,1150,30
210,MDCP,690,Phosfeed,S,1200,25
211,MCP,730,Neutre,B,1150,30
212,DCP,610,Phosfeed,B,1000,25
213,MCP,690,Phosfeed,S,1150,25
214,DCP,780,Phosfeed,B,1200,25
215,MCP,730,Phosfeed,B,1200,11
216,MDCP,730,Neutre,S,1100,25
217,MDCP,780,Phosfeed,S,1100,25
218,MDCP,690,Phosfeed,S,1100,18
219,MDCP,690,Phosfeed,B,1000,25
220,MDCP,730,Neutre,B,1300,30
221,MCP,780,Phosfeed,S,1100,10
222,MDCP,740,Phosfeed,B,1200,18
223,MDCP,730,Phosfeed,S,1150,10
224,MDCP,690,Neutre,B,1100,18
225,MDCP,690,Phosfeed,B,1100,10
226,MDCP,610,Phosfeed,S,1150,11
227,DCP,730,Neutre,S,1200,30
228,MDCP,780,Phosfeed,B,1200,30
229,DCP,730,Phosfeed,S,1100,10
230,DCP,780,Neutre,B,1000,30
231,MDCP,780,Phosfeed,S,1000,25
232,MDCP,740,Phosfeed,S,1150,10
233,MDCP,610,Phosfeed,S,1000,10
234,MDCP,690,Phosfeed,S,1100,25
235,MDCP,740,Phosfeed,S,1300,30
236,MDCP,740,Phosfeed,S,1100,25
237,DCP,610,Phosfeed,B,1200,18
238,DCP,690,Phosfeed,B,1000,18
239,MDCP,610,Neutre,S,1150,30
240,MCP,610,Phosfeed,S,1100,25
241,MDCP,610,Phosfeed,S,1150,25
242,DCP,690,Phosfeed,B,1100,10
243,MDCP,690,Phosfeed,S,1150,30
244,MDCP,740,Phosfeed,B,1200,10
245,DCP,690,Phosfeed,B,1150,11
246,MCP,690,Phosfeed,B,1300,30
247,DCP,690,Phosfeed,S,1200,18
248,DCP,610,Phosfeed,B,1300,18
249,MDCP,740,Phosfeed,B,1100,30
250,MDCP,780,Phosfeed,B,1000,25
251,MCP,730,Neutre,B,1000,10
252,DCP,610,Neutre,S,1000,30
253,MCP,780,Phosfeed,S,1150,18
254,DCP,780,Neutre,S,1200,25
255,MDCP,740,Phosfeed,B,1000,30
256,DCP,740,Phosfeed,S,1300,11
257,MDCP,690,Phosfeed,B,1000,30
258,MDCP,690,Phosfeed,B,1000,10
259,MDCP,690,Neutre,B,1000,18
260,MDCP,610,Phosfeed,S,1300,10
261,MCP,730,Phosfeed,S,1100,18
262,DCP,610,Phosfeed,S,1000,30
263,MDCP,780,Neutre,B,1000,30
264,MDCP,740,Neutre,B,1300,18
265,DCP,780,Phosfeed,S,1100,18
266,MDCP,690,Phosfeed,S,1150,11
267,DCP,610,Phosfeed,B,1150,30
268,MDCP,690,Phosfeed,S,1150,11
269,MDCP,740,Phosfeed,S,1000,10
270,MDCP,780,Phosfeed,S,1100,11
271,MDCP,730,Phosfeed,S,1200,10
272,MDCP,740,Phosfeed,S,1000,11
273,MDCP,610,Neutre,B,1150,11
274,MDCP,690,Neutre,S,1300,11
275,MDCP,690,Phosfeed,S,1300,25
276,MCP,730,Phosfeed,B,1300,25
277,DCP,730,Phosfeed,B,1150,10
278,MDCP,730,Phosfeed,B,1000,30
279,DCP,740,Neutre,B,1200,11
280,MDCP,610,Phosfeed,B,1150,18
281,MDCP,610,Neutre,B,1100,18
282,MCP,690,Neutre,S,1300,11
283,MDCP,730,Neutre,B,1200,10
284,DCP,690,Phosfeed,B,1000,25
285,MDCP,690,Neutre,B,1150,30
286,MDCP,740,Neutre,S,1150,10
287,MDCP,730,Phosfeed,B,1100,30
288,MDCP,780,Neutre,S,1150,30
289,MDCP,740,Phosfeed,S,1300,18
290,MDCP,740,Phosfeed,S,1300,25
291,MDCP,730,Phosfeed,S,1300,10
292,DCP,730,Neutre,B,1000,18
293,MCP,610,Phosfeed,S,1300,11
294,MDCP,730,Phosfeed,S,1150,10
295,MDCP,780,Phosfeed,S,1150,30
296,MCP,610,Phosfeed,B,1100,10
297,MDCP,780,Phosfeed,S,1200,30
298,MDCP,780,Phosfeed,B,1000,10
299,DCP,690,Phosfeed,S,1100,10
300,MDCP,690,Neutre,B,1100,18
301,MDCP,730,Neutre,S,1200,30
302,DCP,610,Neutre,B,1300,10
303,MDCP,780,Phosfeed,S,1300,10
304,MDCP,780,Phosfeed,B,1200,25
305,MCP,730,Neutre,B,1100,18
306,MDCP,610,Phosfeed,B,1100,18
307,DCP,610,Phosfeed,B,1150,10
308,MDCP,740,Phosfeed,B,1100,11
309,MDCP,740,Neutre,S,1300,30
310,MCP,780,Phosfeed,B,1200,10
311,MCP,730,Phosfeed,B,1300,25
312,MDCP,610,Phosfeed,B,1200,25
313,DCP,730,Phosfeed,S,1200,30
314,DCP,740,Phosfeed,B,1100,10
315,MCP,690,Phosfeed,B,1150,18
316,DCP,730,Neutre,B,1000,30
317,DCP,780,Phosfeed,B,1000,11
318,MDCP,780,Phosfeed,S,1100,18
319,MCP,690,Phosfeed,S,1300,18
320,MDCP,730,Phosfeed,B,1150,18
321,MDCP,730,Phosfeed,B,1000,25
322,DCP,690,Phosfeed,S,1200,18
323,MDCP,780,Phosfeed,B,1200,25
324,MCP,780,Phosfeed,S,1000,10
325,DCP,610,Phosfeed,B,1300,30
326,MCP,610,Phosfeed,S,1300,10
327,MDCP,730,Phosfeed,S,1150,25
328,MDCP,690,Neutre,B,1300,30
329,DCP,610,Phosfeed,B,1300,25
330,MCP,610,Phosfeed,S,1100,25
331,MDCP,740,Phosfeed,S,1100,25
332,MDCP,730,Phosfeed,B,1300,10
333,MCP,730,Phosfeed,B,1000,30
334,MDCP,690,Phosfeed,S,1150,25
335,DCP,730,Phosfeed,B,1000,30
336,MDCP,730,Phosfeed,S,1150,18
337,MDCP,730,Phosfeed,S,1000,30
338,DCP,740,Phosfeed,B,1200,18
339,MCP,740,Phosfeed,S,1000,30
340,MDCP,730,Phosfeed,B,1200,11
341,DCP,780,Neutre,B,1100,25
342,MCP,690,Phosfeed,B,1000,18
343,MDCP,780,Phosfeed,B,1200,18
344,DCP,610,Phosfeed,S,1000,25
345,MDCP,610,Neutre,B,1200,11
346,MCP,730,Phosfeed,B,1100,18
347,DCP,780,Phosfeed,S,1300,25
348,MCP,730,Phosfeed,B,1150,10
349,MDCP,690,Phosfeed,B,1100,10
350,DCP,690,Phosfeed,B,1100,25
351,MDCP,690,Phosfeed,S,1200,30
352,MCP,690,Phosfeed,B,1300,10
353,MDCP,610,Phosfeed,B,1150,10
354,DCP,610,Neutre,S,1000,10
355,MCP,610,Phosfeed,B,1200,25
356,MCP,730,Phosfeed,B,1300,11
357,MDCP,740,Neutre,B,1200,11
358,DCP,690,Phosfeed,B,1200,10
359,MDCP,730,Phosfeed,S,1200,18
360,MDCP,730,Neutre,B,1200,10
361,MCP,780,Phosfeed,B,1300,30
362,MCP,610,Neutre,B,1150,30
363,MDCP,740,Phosfeed,S,1200,10
364,DCP,740,Phosfeed,B,1200,18
365,MDCP,740,Neutre,B,1100,25
366,MDCP,730,Phosfeed,B,1000,11
367,MDCP,690,Neutre,S,1000,25
368,MCP,740,Neutre,B,1100,30
369,MDCP,690,Phosfeed,S,1100,10
370,MDCP,740,Phosfeed,B,1200,11
371,DCP,610,Neutre,S,1200,30
372,MDCP,690,Neutre,B,1300,10
373,MDCP,610,Phosfeed,B,1300,18
374,MCP,740,Phosfeed,B,1000,10
375,MCP,740,Phosfeed,B,1300,25
376,MDCP,740,Phosfeed,S,1000,10
377,MDCP,730,Neutre,B,1300,18
378,MDCP,780,Neutre,B,1300,11
379,MDCP,690,Neutre,B,1200,30
380,DCP,780,Phosfeed,B,1100,30
381,DCP,780,Phosfeed,B,1150,11
382,MDCP,740,Neutre,S,1100,10
383,MCP,690,Phosfeed,B,1100,30
384,DCP,690,Phosfeed,B,1200,25
385,MDCP,690,Phosfeed,B,1000,11
386,MDCP,740,Phosfeed,B,1100,18
387,MCP,690,Neutre,B,1100,30
388,MDCP,690,Neutre,S,1100,25
389,DCP,780,Phosfeed,S,1000,11
390,MDCP,690,Phosfeed,B,1200,18
391,MCP,780,Phosfeed,S,1200,18
392,MDCP,780,Phosfeed,B,1100,30
393,MCP,610,Neutre,B,1200,10
394,MDCP,780,Phosfeed,S,1200,30
395,MDCP,610,Neutre,B,1200,25
396,MDCP,730,Neutre,B,1150,10
397,MDCP,780,Phosfeed,S,1300,10
398,MCP,610,Phosfeed,S,1300,18
399,MDCP,730,Phosfeed,B,1300,11
400,MDCP,730,Phosfeed,B,1300,25
401,MCP,740,Neutre,B,1200,30
402,MDCP,730,Phosfeed,S,1300,18
403,MDCP,740,Phosfeed,B,1000,11
404,MDCP,690,Phosfeed,B,1200,30
405,MCP,730,Phosfeed,S,1000,10
406,MDCP,610,Phosfeed,B,1150,25
407,MDCP,610,Neutre,S,1150,18
408,MDCP,610,Phosfeed,B,1000,11
409,MCP,740,Phosfeed,S,1150,30
410,MDCP,780,Neutre,B,1150,25
411,MDCP,740,Phosfeed,B,1100,25
412,MDCP,690,Phosfeed,B,1000,10
413,MDCP,730,Neutre,B,1150,10
414,MDCP,780,Phosfeed,S,1150,11
415,MDCP,780,Phosfeed,S,1000,25
416,MDCP,780,Phosfeed,B,1200,10
417,MDCP,780,Phosfeed,B,1150,18
418,DCP,730,Phosfeed,B,1200,25
419,DCP,690,Phosfeed,S,1100,10
420,DCP,610,Neutre,S,1000,25
421,DCP,690,Phosfeed,B,1000,25
422,MCP,610,Phosfeed,B,1300,18
423,DCP,690,Phosfeed,B,1150,18
424,MDCP,610,Phosfeed,B,1300,30
425,MCP,690,Neutre,B,1150,25
426,MDCP,610,Phosfeed,B,1200,18
427,MDCP,740,Phosfeed,B,1000,11
428,MDCP,740,Phosfeed,B,1100,18
429,MCP,690,Phosfeed,B,1300,25
430,DCP,730,Phosfeed,B,1000,10
431,DCP,740,Phosfeed,B,1150,10
432,MDCP,730,Phosfeed,B,1100,25
433,MCP,730,Phosfeed,B,1000,25
434,MDCP,780,Neutre,B,1200,10
435,MDCP,780,Phosfeed,B,1200,30
436,MCP,730,Phosfeed,S,1200,30
437,DCP,780,Phosfeed,S,1200,18
438,DCP,610,Phosfeed,S,1000,18
439,MCP,690,Phosfeed,B,1100,30
440,MCP,780,Neutre,B,1200,18
441,MCP,740,Phosfeed,B,1000,18
442,MDCP,780,Neutre,S,1300,10
443,MDCP,610,Phosfeed,B,1000,25
444,MCP,690,Phosfeed,S,1300,25
445,MDCP,740,Phosfeed,S,1150,30
446,MDCP,690,Phosfeed,B,1200,18
447,MDCP,780,Neutre,S,1200,30
448,MDCP,730,Neutre,S,1000,25
449,MDCP,740,Phosfeed,S,1200,10
450,DCP,730,Neutre,B,1100,10
451,MDCP,610,Phosfeed,S,1100,25
452,MDCP,730,Phosfeed,S,1100,30
453,MCP,730,Phosfeed,S,1100,30
454,DCP,610,Phosfeed,B,1200,25
455,MCP,690,Phosfeed,B,1100,11
456,MDCP,780,Phosfeed,B,1200,10
457,MCP,780,Phosfeed,B,1300,30
458,DCP,730,Phosfeed,B,1200,11
459,MDCP,740,Phosfeed,S,1000,10
460,MDCP,740,Neutre,B,1150,25
461,MDCP,740,Neutre,B,1150,18
462,DCP,730,Phosfeed,S,1100,30
463,MCP,740,Phosfeed,B,1200,30
464,MCP,730,Phosfeed,B,1150,30
465,DCP,690,Neutre,B,1150,30
466,DCP,690,Phosfeed,S,1150,25
467,MDCP,610,Neutre,B,1000,25
468,DCP,740,Neutre,S,1000,30
469,DCP,610,Phosfeed,S,1100,18
470,MDCP,690,Phosfeed,B,1000,11
471,DCP,740,Phosfeed,B,1200,30
472,MDCP,610,Neutre,B,1000,11
473,MDCP,780,Phosfeed,B,1300,25
474,MDCP,610,Neutre,S,1100,30
475,MDCP,610,Phosfeed,B,1000,30
476,DCP,730,Phosfeed,B,1200,25
477,MCP,690,Phosfeed,S,1300,18
478,MCP,690,Phosfeed,S,1300,18
479,MDCP,780,Phosfeed,B,1150,18
480,MDCP,730,Phosfeed,B,1000,25
481,MDCP,610,Phosfeed,S,1100,30
482,MDCP,730,Phosfeed,S,1000,25
483,MDCP,740,Neutre,S,1100,18
484,MCP,730,Phosfeed,S,1100,25
485,MDCP,780,Phosfeed,B,1150,18
486,MDCP,690,Phosfeed,S,1150,18
487,MDCP,740,Phosfeed,B,1000,11
488,MDCP,690,Phosfeed,S,1000,18
489,MDCP,730,Phosfeed,B,1300,25
490,MDCP,690,Phosfeed,S,1300,25
491,DCP,690,Phosfeed,S,1200,30
492,MDCP,740,Phosfeed,B,1150,25
493,MDCP,610,Phosfeed,B,1100,11
494,MDCP,610,Neutre,S,1100,10
495,MDCP,730,Phosfeed,S,1200,11
496,MDCP,730,Phosfeed,B,1300,18
497,MDCP,610,Phosfeed,B,1150,25
498,MDCP,740,Phosfeed,S,1100,25
499,DCP,780,Phosfeed,S,1000,18
500,MDCP,690,Phosfeed,S,1150,11
501,MDCP,610,Phosfeed,B,1200,25
502,MDCP,730,Phosfeed,B,1150,11
503,MDCP,690,Neutre,B,1300,25
504,DCP,730,Phosfeed,S,1300,11
505,MDCP,740,Phosfeed,B,1200,25
506,MDCP,780,Phosfeed,S,1200,25
507,MDCP,610,Phosfeed,B,1300,25
508,MDCP,610,Phosfeed,B,1300,25
509,MCP,780,Phosfeed,B,1150,18
510,MDCP,690,Phosfeed,S,1300,11
511,DCP,740,Phosfeed,S,1100,25
512,MDCP,730,Phosfeed,B,1200,25
513,DCP,730,Neutre,S,1100,30
514,DCP,780,Phosfeed,S,1000,25
515,MCP,730,Phosfeed,S,1150,25
516,MDCP,780,Phosfeed,B,1100,10
517,MDCP,690,Neutre,S,1000,25
518,MDCP,730,Neutre,B,1200,10
519,DCP,730,Phosfeed,B,1100,18
520,MCP,780,Phosfeed,S,1200,10
521,DCP,610,Phosfeed,B,1150,18
522,MDCP,610,Phosfeed,B,1300,18
523,MCP,610,Phosfeed,B,1150,30
524,MDCP,730,Phosfeed,B,1150,18
525,MDCP,730,Neutre,B,1000,25
526,MDCP,780,Phosfeed,B,1150,11
527,MDCP,610,Phosfeed,S,1300,11
528,MDCP,730,Phosfeed,S,1100,30
529,MCP,610,Phosfeed,B,1000,18
530,MDCP,690,Phosfeed,B,1150,18
531,MDCP,730,Phosfeed,S,1200,18
532,MDCP,780,Neutre,B,1300,30
533,DCP,740,Phosfeed,B,1200,11
534,MCP,730,Phosfeed,B,1000,10
535,MDCP,690,Phosfeed,B,1300,18
536,MCP,690,Neutre,S,1300,11
537,MCP,780,Neutre,S,1300,11
538,DCP,780,Neutre,S,1000,18
539,MDCP,740,Phosfeed,S,1000,11
540,MCP,730,Phosfeed,S,1200,11
541,MDCP,780,Neutre,B,1150,10
542,DCP,610,Phosfeed,B,1300,10
543,MDCP,610,Neutre,S,1100,30
544,MDCP,610,Phosfeed,S,1000,10
545,MDCP,740,Phosfeed,S,1150,30
546,MDCP,740,Phosfeed,S,1300,25
547,MDCP,690,Phosfeed,B,1150,30
548,MDCP,690,Phosfeed,S,1300,18
549,MDCP,610,Phosfeed,B,1150,18
550,DCP,690,Phosfeed,B,1150,30
551,MDCP,730,Phosfeed,S,1300,10
552,MCP,780,Phosfeed,S,1300,25
553,MCP,780,Phosfeed,B,1300,11
554,MCP,690,Phosfeed,S,1300,18
555,MCP,730,Neutre,B,1300,11
556,DCP,730,Phosfeed,S,1150,30
557,MDCP,740,Phosfeed,B,1100,18
558,MDCP,730,Phosfeed,S,1150,10
559,DCP,780,Phosfeed,B,1150,30
560,DCP,610,Phosfeed,S,1200,18
561,MDCP,730,Phosfeed,B,1300,11
562,MCP,730,Neutre,S,1150,30
563,MDCP,730,Phosfeed,B,1300,18
564,MDCP,690,Phosfeed,B,1150,25
565,MDCP,740,Phosfeed,S,1200,10
566,MDCP,690,Phosfeed,S,1000,25
567,DCP,610,Phosfeed,B,1150,11
568,MDCP,780,Neutre,S,1200,11
569,DCP,610,Phosfeed,S,1100,11
570,MDCP,780,Neutre,S,1100,25
571,MCP,690,Neutre,B,1150,10
572,MDCP,690,Phosfeed,B,1150,18
573,MDCP,740,Phosfeed,S,1200,30
574,MDCP,740,Phosfeed,S,1150,25
575,MDCP,690,Phosfeed,B,1000,11
576,MDCP,610,Phosfeed,B,1150,25
577,MCP,690,Phosfeed,B,1300,10
578,MDCP,730,Phosfeed,B,1000,30
579,MDCP,690,Phosfeed,S,1100,30
580,MDCP,730,Phosfeed,B,1150,11
581,DCP,690,Neutre,B,1100,18
582,MCP,740,Neutre,B,1300,25
583,MDCP,610,Neutre,B,1150,30
584,DCP,780,Phosfeed,B,1150,18
585,MDCP,690,Phosfeed,S,1100,10
586,MDCP,730,Phosfeed,S,1000,18
587,MDCP,740,Phosfeed,B,1200,30
588,MDCP,730,Phosfeed,B,1300,30
589,MDCP,690,Phosfeed,B,1000,18
590,MDCP,780,Neutre,S,1100,10
591,MDCP,740,Phosfeed,S,1000,25
592,MDCP,740,Phosfeed,S,1300,25
593,MDCP,780,Phosfeed,S,1100,25
594,MDCP,690,Phosfeed,B,1300,10
595,MDCP,690,Phosfeed,B,1000,10
596,MDCP,730,Phosfeed,S,1150,11
597,MDCP,610,Phosfeed,B,1200,30
598,MCP,740,Phosfeed,S,1300,11
599,MDCP,780,Phosfeed,B,1000,25
600,MDCP,740,Phosfeed,B,1100,10
601,MCP,690,Phosfeed,S,1300,10
602,DCP,730,Phosfeed,S,1300,10
603,MDCP,740,Phosfeed,B,1150,10
604,MCP,740,Phosfeed,B,1150,30
605,MCP,740,Phosfeed,B,1100,30
606,MDCP,610,Phosfeed,S,1200,11
607,DCP,610,Phosfeed,B,1000,10
608,MCP,690,Phosfeed,B,1300,18
609,DCP,690,Phosfeed,B,1100,30
610,DCP,740,Phosfeed,B,1150,30
611,MCP,740,Phosfeed,B,1000,25
612,MDCP,690,Phosfeed,S,1000,18
613,MDCP,690,Phosfeed,B,1100,25
614,MDCP,690,Neutre,S,1300,30
615,MDCP,610,Phosfeed,S,1150,30
616,MDCP,610,Phosfeed,B,1300,10
617,DCP,780,Phosfeed,B,1300,10
618,MDCP,780,Phosfeed,S,1100,11
619,MCP,730,Phosfeed,S,1000,25
620,MDCP,780,Phosfeed,B,1300,11
621,MDCP,740,Phosfeed,B,1100,18
622,DCP,690,Phosfeed,B,1200,18
623,MDCP,610,Phosfeed,B,1300,30
624,MCP,610,Phosfeed,B,1150,30
625,MDCP,690,Phosfeed,B,1150,30
626,DCP,780,Phosfeed,B,1200,11
627,MDCP,690,Phosfeed,S,1100,11
628,DCP,610,Phosfeed,S,1200,10
629,MCP,740,Neutre,B,1000,25
630,MDCP,740,Phosfeed,B,1200,11
631,MDCP,730,Phosfeed,S,1150,18
632,MDCP,740,Phosfeed,S,1200,11
633,MDCP,730,Phosfeed,S,1200,25
634,MDCP,780,Phosfeed,B,1200,30
635,MDCP,730,Phosfeed,B,1150,10
636,MDCP,740,Phosfeed,B,1200,10
637,MDCP,740,Phosfeed,B,1000,11
638,DCP,730,Phosfeed,B,1300,11
639,DCP,740,Neutre,B,1200,30
640,MDCP,730,Phosfeed,B,1200,25
641,MDCP,740,Phosfeed,S,1300,11
642,MDCP,690,Phosfeed,B,1100,30
643,MDCP,780,Phosfeed,B,1300,18
644,MDCP,740,Phosfeed,B,1300,11
645,MCP,690,Neutre,S,1150,30
646,MDCP,780,Phosfeed,B,1200,11
647,DCP,780,Phosfeed,B,1100,10
648,MDCP,730,Phosfeed,B,1300,25
649,DCP,610,Neutre,B,1000,30
650,MDCP,740,Phosfeed,B,1150,18
651,DCP,740,Phosfeed,S,1150,18
652,MDCP,740,Phosfeed,S,1100,11
653,DCP,690,Neutre,S,1300,18
654,DCP,780,Phosfeed,S,1100,25
655,MDCP,690,Neutre,B,1200,25
656,MDCP,610,Phosfeed,S,1300,18
657,MDCP,730,Neutre,B,1000,10
658,MDCP,690,Neutre,B,1100,30
659,MCP,780,Phosfeed,B,1300,10
660,DCP,780,Phosfeed,B,1200,18
661,MDCP,780,Phosfeed,S,1300,30
662,DCP,780,Phosfeed,B,1150,10
663,MCP,690,Neutre,B,1150,11
664,MCP,780,Phosfeed,B,1150,25
665,MDCP,740,Phosfeed,B,1150,10
666,DCP,780,Phosfeed,B,1100,18
667,DCP,690,Phosfeed,B,1150,18
668,DCP,610,Phosfeed,S,1200,18
669,MDCP,690,Phosfeed,B,1100,11
670,DCP,690,Phosfeed,S,1150,25
671,DCP,780,Phosfeed,B,1150,10
672,DCP,610,Phosfeed,B,1150,11
673,MDCP,610,Phosfeed,B,1000,11
674,MDCP,610,Phosfeed,S,1000,25
675,DCP,740,Phosfeed,B,1100,11
676,MCP,740,Phosfeed,S,1200,10
677,DCP,610,Phosfeed,S,1100,18
678,DCP,730,Phosfeed,S,1200,25
679,DCP,610,Phosfeed,B,1100,25
680,MDCP,740,Phosfeed,S,1000,11
681,MCP,780,Neutre,S,1100,11
682,MCP,780,Neutre,B,1300,30
683,DCP,740,Phosfeed,B,1000,11
684,MCP,690,Neutre,B,1000,25
685,MDCP,610,Phosfeed,S,1150,11
686,DCP,780,Neutre,S,1100,10
687,DCP,690,Neutre,B,1150,25
688,MCP,730,Phosfeed,B,1100,25
689,DCP,740,Phosfeed,B,1100,11
690,MDCP,780,Neutre,S,1100,18
691,DCP,730,Phosfeed,S,1100,25
692,MCP,610,Phosfeed,B,1200,18
693,DCP,610,Phosfeed,S,1000,10
694,DCP,690,Phosfeed,B,1100,10
695,MDCP,740,Phosfeed,S,1300,18
696,MDCP,690,Phosfeed,B,1300,18
697,DCP,780,Phosfeed,S,1100,18
698,MDCP,780,Neutre,B,1200,30
699,MCP,780,Phosfeed,B,1150,25
700,MDCP,610,Phosfeed,S,1100,10
701,DCP,740,Phosfeed,B,1200,10
702,MDCP,780,Phosfeed,B,1100,30
703,DCP,610,Phosfeed,B,1100,25
704,DCP,690,Phosfeed,B,1150,10
705,MCP,690,Phosfeed,S,1000,18
706,DCP,610,Phosfeed,S,1200,18
707,MDCP,740,Phosfeed,B,1150,25
708,MDCP,730,Neutre,B,1000,10
709,MDCP,780,Neutre,B,1150,10
710,MDCP,610,Phosfeed,B,1150,10
711,MDCP,610,Phosfeed,B,1000,30
712,MCP,610,Phosfeed,B,1100,10
713,DCP,690,Phosfeed,S,1200,30
714,MDCP,740,Neutre,B,1000,10
715,MCP,780,Neutre,S,1200,18
716,MCP,730,Phosfeed,S,1200,10
717,MDCP,610,Phosfeed,S,1000,30
718,MCP,730,Phosfeed,B,1200,18
719,MCP,610,Phosfeed,B,1100,18
720,MDCP,780,Phosfeed,S,1000,18
721,MDCP,740,Phosfeed,B,1300,10
722,MDCP,780,Phosfeed,B,1000,30
723,DCP,690,Phosfeed,B,1000,18
724,MDCP,780,Phosfeed,B,1000,25
725,DCP,780,Neutre,B,1100,11
726,DCP,730,Phosfeed,B,1150,30
727,DCP,780,Phosfeed,B,1300,18
728,DCP,740,Neutre,B,1200,25
729,MCP,740,Neutre,B,1150,25
730,MCP,780,Phosfeed,B,1200,30
731,MDCP,740,Phosfeed,B,1300,25
732,DCP,780,Phosfeed,B,1200,10
733,MDCP,730,Phosfeed,B,1300,25
734,MCP,690,Phosfeed,S,1300,11
735,MCP,780,Phosfeed,B,1100,10
736,MDCP,740,Neutre,B,1100,11
737,MDCP,610,Phosfeed,B,1300,30
738,MCP,780,Phosfeed,B,1300,18
739,MDCP,610,Phosfeed,B,1200,18
740,DCP,730,Phosfeed,B,1150,10
741,MCP,730,Phosfeed,S,1200,18
742,MDCP,610,Phosfeed,B,1000,25
743,MDCP,690,Phosfeed,B,1200,10
744,MDCP,740,Phosfeed,B,1100,11
745,MDCP,740,Neutre,S,1150,25
746,MDCP,690,Neutre,B,1100,18
747,MDCP,740,Phosfeed,S,1200,11
748,DCP,740,Neutre,B,1100,11
749,MDCP,730,Neutre,S,1100,10
750,MDCP,610,Phosfeed,B,1300,10
751,MCP,610,Phosfeed,B,1300,11
752,DCP,730,Phosfeed,S,1200,25
753,MDCP,610,Phosfeed,S,1000,10
754,MCP,740,Phosfeed,B,1150,10
755,MDCP,740,Phosfeed,S,1000,25
756,MDCP,780,Phosfeed,B,1200,30
757,MDCP,740,Phosfeed,B,1150,25
758,MDCP,740,Phosfeed,B,1300,25
759,MDCP,780,Phosfeed,S,1000,10
760,MDCP,730,Phosfeed,S,1200,25
761,MDCP,730,Phosfeed,S,1150,25
762,MDCP,740,Phosfeed,S,1000,30
763,DCP,780,Phosfeed,B,1150,18
764,MDCP,610,Phosfeed,B,1300,25
765,MDCP,780,Phosfeed,B,1100,11
766,MCP,690,Neutre,B,1000,10
767,MDCP,780,Neutre,B,1300,18
768,MDCP,780,Neutre,B,1200,18
769,MCP,780,Phosfeed,S,1200,30
770,DCP,730,Phosfeed,B,1100,11
771,MDCP,730,Phosfeed,S,1200,11
772,MDCP,740,Neutre,B,1000,25
773,DCP,610,Neutre,B,1100,10
774,MDCP,730,Phosfeed,S,1200,25
775,DCP,690,Phosfeed,B,1100,11
776,MCP,690,Phosfeed,S,1100,18
777,MDCP,690,Phosfeed,B,1200,18
778,MDCP,730,Phosfeed,B,1000,25
779,MDCP,740,Phosfeed,S,1200,18
780,MDCP,780,Phosfeed,S,1300,11
781,MDCP,610,Neutre,B,1000,25
782,MCP,610,Phosfeed,S,1300,25
783,MDCP,740,Phosfeed,B,1200,11
784,DCP,610,Phosfeed,B,1150,11
785,MDCP,740,Phosfeed,S,1000,11
786,DCP,780,Phosfeed,B,1000,25
787,MCP,610,Phosfeed,B,1150,25
788,MCP,730,Phosfeed,B,1150,11
789,MDCP,780,Phosfeed,B,1200,18
790,MCP,730,Phosfeed,B,1300,18
791,DCP,780,Neutre,S,1200,30
792,MDCP,690,Phosfeed,S,1100,10
793,MCP,740,Phosfeed,B,1100,18
794,MDCP,780,Phosfeed,S,1200,10
795,DCP,780,Phosfeed,S,1200,11
796,DCP,780,Phosfeed,B,1100,25
797,MDCP,740,Phosfeed,B,1200,30
798,DCP,690,Phosfeed,S,1000,10
799,MDCP,730,Phosfeed,B,1000,18
800,DCP,740,Phosfeed,B,1150,25
801,MCP,610,Neutre,B,1100,10
802,MDCP,740,Phosfeed,B,1100,10
803,MDCP,740,Phosfeed,B,1200,10
804,DCP,740,Phosfeed,S,1100,10
805,MDCP,780,Phosfeed,S,1300,25
806,MDCP,780,Phosfeed,B,1100,25
807,MDCP,690,Phosfeed,B,1200,25
808,DCP,730,Phosfeed,S,1150,10
809,MDCP,690,Phosfeed,S,1300,25
810,MCP,610,Phosfeed,S,1200,25
811,MDCP,740,Neutre,S,1000,25
812,MDCP,610,Phosfeed,B,1150,25
813,DCP,610,Phosfeed,B,1300,10
814,MCP,690,Phosfeed,B,1100,10
815,MDCP,730,Phosfeed,B,1000,11
816,MDCP,610,Phosfeed,B,1150,18
817,DCP,690,Phosfeed,S,1200,18
818,DCP,730,Phosfeed,B,1300,11
819,MDCP,690,Phosfeed,B,1300,18
820,MDCP,690,Phosfeed,B,1300,10
821,DCP,780,Neutre,S,1300,18
822,DCP,740,Phosfeed,B,1000,11
823,MDCP,610,Phosfeed,S,1300,11
824,MDCP,780,Phosfeed,B,1300,10
825,MDCP,610,Phosfeed,S,1200,10
826,MDCP,730,Phosfeed,B,1300,25
827,DCP,690,Phosfeed,S,1150,11
828,MCP,730,Neutre,S,1100,11
829,MDCP,690,Phosfeed,S,1200,11
830,DCP,780,Neutre,S,1150,18
831,MCP,690,Neutre,B,1300,30
832,MCP,780,Phosfeed,S,1100,11
833,MDCP,780,Phosfeed,B,1000,30
834,MDCP,730,Phosfeed,S,1100,11
835,MCP,610,Phosfeed,B,1100,10
836,MCP,610,Neutre,S,1300,10
837,MDCP,730,Phosfeed,B,1100,11
838,MDCP,730,Phosfeed,B,1100,18
839,MDCP,690,Phosfeed,B,1150,25
840,MDCP,690,Phosfeed,B,1300,30
841,MDCP,740,Neutre,S,1000,11
842,MDCP,730,Phosfeed,B,1200,30
843,DCP,740,Neutre,B,1000,18
844,MDCP,690,Phosfeed,B,1200,30
845,MCP,780,Phosfeed,S,1000,18
846,MDCP,690,Phosfeed,B,1300,25
847,DCP,730,Phosfeed,B,1100,30
848,MDCP,780,Phosfeed,S,1300,11
849,MCP,730,Phosfeed,B,1150,25
850,MDCP,690,Phosfeed,B,1300,25
851,MDCP,690,Phosfeed,S,1300,10
852,DCP,740,Phosfeed,B,1300,10
853,MDCP,730,Phosfeed,B,1300,18
854,MDCP,780,Neutre,B,1000,25
855,MDCP,610,Neutre,B,1300,10
856,DCP,780,Neutre,B,1100,18
857,MDCP,610,Phosfeed,B,1000,30
858,MDCP,730,Phosfeed,S,1000,10
859,MDCP,740,Phosfeed,B,1300,10
860,MDCP,740,Phosfeed,S,1200,30
861,MDCP,690,Phosfeed,B,1100,10
862,MDCP,730,Phosfeed,S,1150,25
863,MCP,740,Phosfeed,S,1300,18
864,MDCP,780,Phosfeed,B,1150,10
865,MCP,610,Phosfeed,B,1000,18
866,MCP,780,Phosfeed,B,1200,11
867,MDCP,610,Phosfeed,S,1000,18
868,MDCP,730,Neutre,B,1100,11
869,MDCP,780,Phosfeed,B,1300,25
870,MCP,610,Phosfeed,B,1000,25
871,MDCP,690,Phosfeed,S,1300,11
872,MDCP,610,Phosfeed,S,1100,25
873,MDCP,780,Neutre,B,1200,10
874,MDCP,730,Phosfeed,B,1200,11
875,DCP,610,Neutre,B,1100,25
876,MDCP,730,Phosfeed,S,1100,25
877,MCP,610,Phosfeed,B,1150,10
878,MDCP,610,Phosfeed,B,1300,11
879,MDCP,780,Phosfeed,S,1200,18
880,MDCP,730,Phosfeed,B,1200,25
881,MCP,730,Phosfeed,B,1100,18
882,MDCP,610,Phosfeed,S,1200,11
883,MCP,610,Neutre,B,1150,18
884,MCP,730,Phosfeed,B,1000,18
885,MCP,730,Phosfeed,B,1000,11
886,MDCP,690,Phosfeed,B,1000,11
887,MCP,610,Phosfeed,B,1200,30
888,MCP,730,Neutre,B,1100,25
889,MDCP,690,Phosfeed,S,1100,18
890,MDCP,730,Phosfeed,B,1200,10
891,MDCP,730,Phosfeed,B,1000,11
892,DCP,730,Neutre,B,1100,10
893,MCP,690,Phosfeed,S,1300,25
894,MDCP,780,Phosfeed,B,1300,11
895,DCP,730,Phosfeed,B,1200,11
896,MCP,780,Phosfeed,B,1150,11
897,MDCP,740,Phosfeed,B,1100,25
898,DCP,610,Phosfeed,B,1200,30
899,MCP,740,Phosfeed,S,1300,11
900,MDCP,690,Neutre,B,1150,18
901,MDCP,730,Phosfeed,B,1100,30
902,DCP,690,Phosfeed,B,1100,11
903,DCP,740,Phosfeed,B,1100,18
904,MCP,730,Phosfeed,S,1150,18
905,DCP,740,Phosfeed,S,1300,11
906,MCP,780,Neutre,B,1300,30
907,MDCP,730,Phosfeed,B,1000,25
908,MCP,780,Phosfeed,B,1100,30
909,MDCP,740,Neutre,B,1000,11
910,MDCP,740,Neutre,S,1150,11
911,MDCP,740,Phosfeed,S,1200,10
912,MDCP,690,Neutre,B,1000,11
913,MDCP,610,Phosfeed,S,1300,11
914,MDCP,730,Neutre,B,1000,11
915,MCP,690,Phosfeed,S,1000,10
916,MDCP,730,Neutre,B,1100,11
917,DCP,780,Phosfeed,B,1000,10
918,MDCP,690,Phosfeed,B,1100,30
919,MDCP,780,Phosfeed,S,1300,30
920,DCP,690,Phosfeed,B,1000,30
921,MDCP,730,Phosfeed,S,1100,18
922,MDCP,690,Phosfeed,S,1300,11
923,MDCP,780,Phosfeed,B,1200,11
924,DCP,690,Phosfeed,S,1000,30
925,MCP,690,Phosfeed,B,1300,11
926,MCP,740,Phosfeed,B,1200,11
927,DCP,740,Phosfeed,B,1200,30
928,DCP,730,Phosfeed,S,1100,10
929,MDCP,780,Phosfeed,B,1300,10
930,MDCP,610,Phosfeed,B,1100,25
931,MDCP,690,Phosfeed,S,1150,18
932,MDCP,610,Phosfeed,B,1200,18
933,MDCP,740,Neutre,B,1000,18
934,MDCP,610,Phosfeed,B,1100,11
935,MDCP,730,Phosfeed,S,1200,11
936,MDCP,780,Phosfeed,S,1300,10
937,MCP,780,Phosfeed,B,1300,10
938,MDCP,690,Phosfeed,B,1200,18
939,MDCP,780,Phosfeed,S,1150,10
940,MCP,730,Neutre,B,1100,25
941,MCP,690,Phosfeed,S,1100,10
942,DCP,780,Phosfeed,B,1000,30
943,MDCP,690,Phosfeed,S,1200,11
944,DCP,610,Phosfeed,S,1100,10
945,MDCP,740,Phosfeed,S,1100,25
946,MDCP,610,Phosfeed,B,1150,11
947,MDCP,690,Neutre,B,1150,18
948,MDCP,610,Neutre,B,1200,11
949,MCP,740,Phosfeed,B,1100,25
950,MDCP,740,Phosfeed,B,1100,18
951,MDCP,610,Phosfeed,S,1200,30
952,MCP,780,Neutre,B,1150,11
953,MCP,740,Phosfeed,B,1200,18
954,MDCP,730,Phosfeed,S,1100,18
955,MDCP,740,Neutre,S,1100,30
956,MCP,780,Phosfeed,S,1000,10
957,MDCP,610,Phosfeed,B,1000,18
958,MDCP,610,Neutre,B,1300,11
959,MDCP,780,Phosfeed,B,1300,18
960,MDCP,730,Neutre,B,1150,30
961,MCP,740,Neutre,B,1150,30
962,MCP,690,Phosfeed,S,1150,18
963,MCP,730,Phosfeed,S,1000,11
964,MCP,740,Phosfeed,S,1150,18
965,MDCP,610,Neutre,B,1200,10
966,MDCP,690,Phosfeed,B,1300,25
967,MDCP,610,Phosfeed,B,1000,25
968,MDCP,740,Phosfeed,S,1200,10
969,MDCP,740,Phosfeed,B,1100,25
970,MDCP,610,Phosfeed,S,1300,30
971,MDCP,740,Phosfeed,B,1150,25
972,DCP,690,Phosfeed,S,1000,30
973,MDCP,740,Neutre,B,1000,11
974,DCP,780,Phosfeed,S,1150,11
975,MCP,780,Phosfeed,B,1000,10
976,MCP,730,Phosfeed,B,1150,11
977,DCP,780,Neutre,S,1000,30
978,MDCP,740,Phosfeed,B,1300,11
979,DCP,610,Phosfeed,S,1200,11
980,MCP,740,Phosfeed,S,1000,10
981,MDCP,610,Neutre,B,1150,11
982,MDCP,730,Phosfeed,S,1150,25
983,MDCP,610,Phosfeed,B,1100,25
984,MCP,740,Phosfeed,B,1150,10
985,MDCP,740,Phosfeed,S,1300,18
986,MDCP,740,Phosfeed,B,1300,11
987,MDCP,730,Phosfeed,S,1100,25
988,MDCP,780,Phosfeed,B,1100,11
989,MDCP,730,Phosfeed,S,1150,18
990,DCP,730,Phosfeed,B,1000,30
991,MDCP,730,Neutre,B,1300,25
992,MDCP,690,Phosfeed,S,1300,11
993,MDCP,690,Phosfeed,S,1100,18
994,MDCP,740,Phosfeed,B,1100,10
995,MDCP,780,Neutre,B,1200,25
996,MDCP,690,Phosfeed,B,1200,30
997,MCP,730,Neutre,S,1100,30
998,MDCP,610,Neutre,S,1300,18
999,MCP,610,Phosfeed,S,1300,10
