sid,Net quantity,Days of magasinage,Days of magasinage 2,Days of magasinage 3,Pallets,Inspection,Loading date at Plant ,Quanité enlevé du site,Stuffing Date,Sequence Date,Magasinage amount,Magasinage amount 2,Magasinage amount 3
0,100,,,,1 pallet per BB,Inspectorate,2022-11-19,110.00000000000001,,2022-12-20,,,
1,440,,,,1 pallet per 2 BB,Inspectorate,2022-11-18,1320.0,2022-05-29,,84.91,,
2,100,,,,1 pallet per BB,Inspectorate,2022-08-17,4840.0,2022-04-27,2022-05-17,,,
3,4434,,,,1 pallet per BB,Inspectorate,2022-11-19,110.00000000000001,2022-11-30,2022-12-20,84.91,,
4,440,,,,1 pallet per BB,Inspectorate,2022-05-17,110.00000000000001,2022-11-30,2022-12-20,,,
5,440,2.0,,,1 pallet per 2 BB,Inspectorate,2022-11-19,1320.0,2022-11-30,2022-06-18,,,
6,550,,,,1 pallet per 2 BB,Inspectorate,2022-08-17,1320.0,2022-04-27,2022-06-18,,,
7,440,2.0,,,1 pallet per BB,Inspectorate,2022-04-15,4840.0,2022-11-30,2022-09-18,,,
8,550,,,,1 pallet per BB,Inspectorate,2022-11-18,605.0,2022-05-29,,,,
9,4434,,,,1 pallet per BB,Inspectorate,2022-08-17,110.00000000000001,2022-11-30,2022-06-18,,,
10,440,,,,1 pallet per BB,Inspectorate,2022-08-17,110.00000000000001,2022-11-30,2022-09-18,,,
11,100,,,,1 pallet per BB,Inspectorate,2022-05-17,484.00000000000006,2022-11-30,2022-05-17,,,
12,440,,,,1 pallet per BB,Inspectorate,2022-11-19,4840.0,,2022-06-18,84.91,,
13,1200,,,,1 pallet per BB,Inspectorate,2022-05-17,1320.0,2022-11-30,,,,
14,4434,2.0,,,1 pallet per 2 BB,Inspectorate,2022-11-18,484.00000000000006,2022-11-30,2022-05-17,,,
15,4434,,,,1 pallet per BB,Inspectorate,2022-08-17,484.00000000000006,2022-04-27,2022-06-18,,,
16,440,2.0,,,1 pallet per BB,Inspectorate,2022-04-15,605.0,2022-04-27,2022-12-20,,,
17,440,,,,1 pallet per 2 BB,Inspectorate,2022-04-15,110.00000000000001,2022-08-29,2022-09-18,,,
18,1200,,,,1 pallet per 2 BB,Inspectorate,2022-05-17,110.00000000000001,2022-05-29,2022-05-17,,,
19,440,,,,1 pallet per BB,Inspectorate,2022-04-15,4840.0,2022-08-29,2022-06-18,,,
20,100,,,,1 pallet per 2 BB,Inspectorate,2022-08-17,484.00000000000006,2022-11-30,2022-06-18,84.91,,
21,440,,,,1 pallet per BB,Inspectorate,2022-05-17,484.00000000000006,2022-11-30,2022-06-18,84.91,,
22,100,,,,1 pallet per BB,Inspectorate,2022-05-17,1320.0,,2022-06-18,,,
23,550,,,,1 pallet per BB,Inspectorate,2022-04-15,4840.0,,2022-06-18,,,
24,440,2.0,,,1 pallet per 2 BB,Inspectorate,2022-08-17,110.00000000000001,2022-11-30,,,,
25,4434,,,,1 pallet per BB,Inspectorate,2022-11-19,4840.0,2022-08-29,2022-12-20,,,
26,440,,,,1 pallet per BB,Inspectorate,2022-11-18,1320.0,2022-04-27,2022-09-18,,,
27,440,,,,1 pallet per BB,Inspectorate,2022-05-17,110.00000000000001,2022-11-30,2022-12-20,,,
28,1200,2.0,,,1 pallet per BB,Inspectorate,2022-08-17,484.00000000000006,2022-04-27,2022-05-17,84.91,,
29,440,,,,1 pallet per BB,Inspectorate,2022-08-17,484.00000000000006,,2022-09-18,84.91,,
30,100,,,,1 pallet per BB,Inspectorate,2022-05-17,110.00000000000001,2022-08-29,2022-06-18,,,
31,4434,,,,1 pallet per BB,Inspectorate,2022-11-18,484.00000000000006,2022-11-30,2022-06-18,,,
32,1200,,,,1 pallet per 2 BB,Inspectorate,2022-11-19,605.0,2022-08-29,2022-12-20,,,
33,100,,,,1 pallet per 2 BB,Inspectorate,2022-08-17,484.00000000000006,2022-05-29,,,,
34,550,,,,1 pallet per BB,Inspectorate,2022-04-15,110.00000000000001,2022-11-30,2022-05-17,,,
35,550,,,,1 pallet per BB,Inspectorate,2022-11-18,110.00000000000001,2022-05-29,2022-12-20,84.91,,
36,550,,,,1 pallet per BB,Inspectorate,2022-11-18,110.00000000000001,2022-04-27,2022-12-20,84.91,,
37,440,,,,1 pallet per BB,Inspectorate,2022-05-17,110.00000000000001,2022-04-27,2022-06-18,,,
38,440,,,,1 pallet per BB,Inspectorate,2022-08-17,484.00000000000006,2022-05-29,2022-06-18,,,
39,100,,,,1 pallet per 2 BB,Inspectorate,2022-08-17,4840.0,2022-08-29,2022-12-20,,,
40,440,,,,1 pallet per 2 BB,Inspectorate,2022-05-17,484.00000000000006,2022-05-29,,,,
41,550,2.0,,,1 pallet per BB,Inspectorate,2022-11-18,484.00000000000006,,2022-05-17,84.91,,
42,4434,2.0,,,1 pallet per BB,Inspectorate,2022-04-15,110.00000000000001,2022-04-27,,,,
43,440,,,,1 pallet per BB,Inspectorate,2022-05-17,605.0,2022-05-29,2022-05-17,,,
44,4434,,,,1 pallet per BB,Inspectorate,2022-04-15,484.00000000000006,2022-08-29,,,,
45,1200,,,,1 pallet per 2 BB,Inspectorate,2022-04-15,1320.0,2022-11-30,,,,
46,440,2.0,,,1 pallet per BB,Inspectorate,2022-11-18,4840.0,2022-05-29,2022-09-18,,,
47,100,,,,1 pallet per BB,Inspectorate,2022-04-15,605.0,2022-05-29,2022-12-20,,,
48,100,,,,1 pallet per 2 BB,Inspectorate,2022-08-17,605.0,2022-04-27,,,,
49,550,,,,1 pallet per BB,Inspectorate,2022-05-17,4840.0,2022-05-29,2022-12-20,,,
50,100,,,,1 pallet per BB,Inspectorate,2022-04-15,605.0,2022-08-29,2022-05-17,,,
51,100,,,,1 pallet per 2 BB,Inspectorate,2022-11-19,4840.0,,2022-06-18,,,
52,1200,2.0,,,1 pallet per 2 BB,Inspectorate,2022-04-15,484.00000000000006,,2022-12-20,,,
53,100,,,,1 pallet per BB,Inspectorate,2022-11-18,4840.0,2022-08-29,2022-09-18,,,
54,550,,,,1 pallet per 2 BB,Inspectorate,2022-04-15,605.0,,2022-12-20,,,
55,4434,2.0,,,1 pallet per BB,Inspectorate,2022-05-17,484.00000000000006,2022-05-29,2022-09-18,,,
56,100,,,,1 pallet per BB,Inspectorate,2022-11-19,110.00000000000001,,2022-12-20,,,
57,440,2.0,,,1 pallet per BB,Inspectorate,2022-11-18,4840.0,2022-04-27,2022-12-20,,,
58,550,,,,1 pallet per BB,Inspectorate,2022-08-17,605.0,,2022-06-18,84.91,,
59,550,,,,1 pallet per 2 BB,Inspectorate,2022-08-17,4840.0,,2022-12-20,84.91,,
60,550,,,,1 pallet per BB,Inspectorate,2022-11-19,484.00000000000006,2022-08-29,,,,
61,100,,,,1 pallet per BB,Inspectorate,2022-11-19,605.0,2022-05-29,2022-06-18,,,
62,440,,,,1 pallet per BB,Inspectorate,2022-11-18,484.00000000000006,,2022-12-20,,,
63,550,,,,1 pallet per BB,Inspectorate,2022-11-18,484.00000000000006,2022-04-27,,,,
64,4434,,,,1 pallet per 2 BB,Inspectorate,2022-08-17,605.0,2022-08-29,,,,
65,440,,,,1 pallet per BB,Inspectorate,2022-08-17,484.00000000000006,2022-11-30,2022-05-17,84.91,,
66,100,,,,1 pallet per 2 BB,Inspectorate,2022-11-19,4840.0,2022-11-30,2022-09-18,,,
67,550,,,,1 pallet per 2 BB,Inspectorate,2022-04-15,110.00000000000001,2022-05-29,2022-09-18,,,
68,4434,,,,1 pallet per BB,Inspectorate,2022-04-15,4840.0,,2022-12-20,,,
69,1200,,,,1 pallet per 2 BB,Inspectorate,2022-08-17,1320.0,2022-11-30,,,,
70,1200,2.0,,,1 pallet per 2 BB,Inspectorate,2022-05-17,4840.0,,,84.91,,
71,1200,,,,1 pallet per BB,Inspectorate,2022-08-17,4840.0,2022-05-29,,,,
72,1200,2.0,,,1 pallet per BB,Inspectorate,2022-11-19,1320.0,2022-11-30,,,,
73,440,,,,1 pallet per 2 BB,Inspectorate,2022-08-17,110.00000000000001,2022-05-29,,,,
74,440,,,,1 pallet per BB,Inspectorate,2022-04-15,4840.0,2022-05-29,2022-06-18,,,
75,4434,,,,1 pallet per BB,Inspectorate,2022-11-18,484.00000000000006,2022-04-27,2022-06-18,,,
76,4434,,,,1 pallet per 2 BB,Inspectorate,2022-08-17,605.0,2022-05-29,2022-05-17,,,
77,4434,,,,1 pallet per BB,Inspectorate,2022-08-17,110.00000000000001,2022-11-30,2022-09-18,,,
78,1200,,,,1 pallet per BB,Inspectorate,2022-11-19,4840.0,2022-05-29,2022-09-18,,,
79,4434,2.0,,,1 pallet per BB,Inspectorate,2022-04-15,1320.0,,,,,
80,1200,,,,1 pallet per BB,Inspectorate,2022-11-18,1320.0,2022-04-27,2022-09-18,,,
81,4434,,,,1 pallet per 2 BB,Inspectorate,2022-11-18,1320.0,,2022-06-18,,,
82,550,,,,1 pallet per 2 BB,Inspectorate,2022-08-17,605.0,2022-04-27,2022-06-18,,,
83,4434,,,,1 pallet per BB,Inspectorate,2022-11-19,4840.0,2022-08-29,2022-09-18,,,
84,1200,,,,1 pallet per BB,Inspectorate,2022-11-19,4840.0,2022-05-29,2022-05-17,,,
85,440,,,,1 pallet per BB,Inspectorate,2022-04-15,484.00000000000006,2022-04-27,2022-06-18,,,
86,440,,,,1 pallet per BB,Inspectorate,2022-08-17,484.00000000000006,2022-11-30,2022-12-20,,,
87,440,,,,1 pallet per 2 BB,Inspectorate,2022-04-15,484.00000000000006,2022-11-30,,,,
88,4434,,,,1 pallet per BB,Inspectorate,2022-11-18,484.00000000000006,2022-08-29,2022-05-17,,,
89,440,,,,1 pallet per BB,Inspectorate,2022-05-17,484.00000000000006,2022-08-29,2022-12-20,,,
90,440,,,,1 pallet per BB,Inspectorate,2022-11-18,1320.0,2022-08-29,,,,
91,4434,,,,1 pallet per 2 BB,Inspectorate,2022-08-17,605.0,2022-05-29,2022-05-17,84.91,,
92,1200,,,,1 pallet per BB,Inspectorate,2022-04-15,1320.0,2022-11-30,2022-12-20,,,
93,100,2.0,,,1 pallet per 2 BB,Inspectorate,2022-04-15,605.0,2022-11-30,2022-09-18,,,
94,550,,,,1 pallet per 2 BB,Inspectorate,2022-08-17,484.00000000000006,,2022-09-18,,,
95,100,,,,1 pallet per BB,Inspectorate,2022-08-17,605.0,2022-05-29,,,,
96,1200,,,,1 pallet per BB,Inspectorate,2022-11-19,4840.0,2022-05-29,2022-05-17,,,
97,1200,,,,1 pallet per 2 BB,Inspectorate,2022-11-18,4840.0,,2022-06-18,84.91,,
98,550,,,,1 pallet per BB,Inspectorate,2022-05-17,605.0,2022-11-30,2022-09-18,,,
99,1200,,,,1 pallet per 2 BB,Inspectorate,2022-11-19,110.00000000000001,,,,,
100,4434,,,,1 pallet per 2 BB,Inspectorate,2022-08-17,605.0,2022-08-29,,84.91,,
101,550,,,,1 pallet per BB,Inspectorate,2022-05-17,605.0,,,,,
102,440,,,,1 pallet per BB,Inspectorate,2022-05-17,1320.0,,2022-06-18,,,
103,440,,,,1 pallet per 2 BB,Inspectorate,2022-11-19,110.00000000000001,2022-04-27,,,,
104,4434,,,,1 pallet per 2 BB,Inspectorate,2022-11-18,605.0,2022-04-27,2022-12-20,,,
105,550,,,,1 pallet per BB,Inspectorate,2022-05-17,4840.0,,2022-06-18,,,
106,440,,,,1 pallet per 2 BB,Inspectorate,2022-11-19,605.0,2022-08-29,,,,
107,4434,2.0,,,1 pallet per BB,Inspectorate,2022-11-19,484.00000000000006,2022-11-30,,,,
108,100,,,,1 pallet per BB,Inspectorate,2022-11-18,605.0,2022-11-30,2022-06-18,,,
109,100,,,,1 pallet per 2 BB,Inspectorate,2022-05-17,4840.0,2022-08-29,2022-05-17,,,
110,440,2.0,,,1 pallet per 2 BB,Inspectorate,2022-08-17,484.00000000000006,2022-08-29,2022-05-17,84.91,,
111,4434,,,,1 pallet per BB,Inspectorate,2022-11-18,4840.0,2022-04-27,2022-12-20,84.91,,
112,4434,,,,1 pallet per BB,Inspectorate,2022-05-17,110.00000000000001,2022-08-29,2022-12-20,,,
113,440,,,,1 pallet per BB,Inspectorate,2022-08-17,110.00000000000001,2022-04-27,2022-06-18,,,
114,100,,,,1 pallet per 2 BB,Inspectorate,2022-11-19,4840.0,2022-04-27,2022-06-18,84.91,,
115,100,,,,1 pallet per 2 BB,Inspectorate,2022-11-18,484.00000000000006,,2022-09-18,,,
116,100,,,,1 pallet per BB,Inspectorate,2022-11-19,110.00000000000001,2022-05-29,2022-09-18,,,
117,1200,,,,1 pallet per BB,Inspectorate,2022-11-18,605.0,2022-11-30,2022-12-20,,,
118,440,,,,1 pallet per 2 BB,Inspectorate,2022-04-15,4840.0,2022-08-29,2022-06-18,,,
119,4434,,,,1 pallet per 2 BB,Inspectorate,2022-11-19,1320.0,2022-11-30,2022-05-17,,,
120,550,,,,1 pallet per 2 BB,Inspectorate,2022-11-18,1320.0,,2022-12-20,,,
121,440,2.0,,,1 pallet per 2 BB,Inspectorate,2022-11-18,1320.0,,2022-05-17,,,
122,550,,,,1 pallet per 2 BB,Inspectorate,2022-04-15,110.00000000000001,2022-05-29,2022-06-18,,,
123,4434,,,,1 pallet per BB,Inspectorate,2022-05-17,110.00000000000001,2022-11-30,,84.91,,
124,440,2.0,,,1 pallet per BB,Inspectorate,2022-05-17,605.0,2022-08-29,2022-06-18,,,
125,1200,2.0,,,1 pallet per 2 BB,Inspectorate,2022-05-17,1320.0,2022-08-29,2022-06-18,,,
126,440,,,,1 pallet per BB,Inspectorate,2022-11-18,110.00000000000001,2022-04-27,2022-12-20,,,
127,440,,,,1 pallet per 2 BB,Inspectorate,2022-11-18,1320.0,2022-05-29,2022-09-18,,,
128,1200,,,,1 pallet per BB,Inspectorate,2022-11-19,605.0,2022-11-30,2022-09-18,,,
129,100,,,,1 pallet per 2 BB,Inspectorate,2022-08-17,605.0,2022-04-27,2022-12-20,,,
130,4434,,,,1 pallet per 2 BB,Inspectorate,2022-05-17,4840.0,2022-04-27,,84.91,,
131,1200,,,,1 pallet per BB,Inspectorate,2022-11-18,605.0,2022-04-27,2022-06-18,,,
132,550,,,,1 pallet per BB,Inspectorate,2022-11-19,4840.0,,,,,
133,4434,,,,1 pallet per 2 BB,Inspectorate,2022-11-19,1320.0,,,,,
134,4434,,,,1 pallet per BB,Inspectorate,2022-11-18,1320.0,2022-08-29,,,,
135,1200,,,,1 pallet per 2 BB,Inspectorate,2022-08-17,4840.0,2022-04-27,,,,
136,1200,,,,1 pallet per BB,Inspectorate,2022-11-18,4840.0,2022-05-29,2022-12-20,,,
137,440,,,,1 pallet per 2 BB,Inspectorate,2022-04-15,110.00000000000001,2022-11-30,,,,
138,4434,,,,1 pallet per BB,Inspectorate,2022-11-18,110.00000000000001,2022-04-27,2022-05-17,,,
139,4434,2.0,,,1 pallet per BB,Inspectorate,2022-04-15,484.00000000000006,2022-11-30,2022-09-18,84.91,,
140,4434,,,,1 pallet per BB,Inspectorate,2022-08-17,1320.0,2022-04-27,2022-12-20,,,
141,1200,,,,1 pallet per 2 BB,Inspectorate,2022-11-19,1320.0,,2022-05-17,,,
142,1200,,,,1 pallet per BB,Inspectorate,2022-08-17,1320.0,2022-11-30,,,,
143,440,,,,1 pallet per 2 BB,Inspectorate,2022-11-18,1320.0,2022-11-30,2022-05-17,,,
144,550,,,,1 pallet per BB,Inspectorate,2022-05-17,1320.0,,2022-06-18,,,
145,4434,,,,1 pallet per BB,Inspectorate,2022-05-17,110.00000000000001,2022-05-29,2022-06-18,,,
146,100,,,,1 pallet per BB,Inspectorate,2022-11-18,605.0,2022-08-29,2022-12-20,,,
147,4434,,,,1 pallet per BB,Inspectorate,2022-08-17,110.00000000000001,2022-08-29,2022-12-20,,,
148,100,,,,1 pallet per 2 BB,Inspectorate,2022-08-17,4840.0,2022-05-29,2022-05-17,84.91,,
149,4434,,,,1 pallet per BB,Inspectorate,2022-08-17,605.0,,2022-05-17,,,
150,550,,,,1 pallet per BB,Inspectorate,2022-05-17,484.00000000000006,2022-08-29,2022-12-20,,,
151,4434,,,,1 pallet per BB,Inspectorate,2022-08-17,4840.0,2022-11-30,,,,
152,100,,,,1 pallet per BB,Inspectorate,2022-08-17,1320.0,2022-11-30,2022-09-18,,,
153,550,2.0,,,1 pallet per BB,Inspectorate,2022-11-19,110.00000000000001,2022-05-29,2022-09-18,84.91,,
154,440,,,,1 pallet per 2 BB,Inspectorate,2022-11-18,4840.0,,2022-06-18,,,
155,550,,,,1 pallet per BB,Inspectorate,2022-04-15,605.0,,2022-05-17,,,
156,550,,,,1 pallet per BB,Inspectorate,2022-04-15,1320.0,2022-11-30,2022-12-20,84.91,,
157,4434,,,,1 pallet per 2 BB,Inspectorate,2022-11-18,1320.0,2022-08-29,2022-09-18,,,
158,550,,,,1 pallet per BB,Inspectorate,2022-08-17,110.00000000000001,2022-04-27,,,,
159,100,,,,1 pallet per BB,Inspectorate,2022-11-19,110.00000000000001,2022-05-29,2022-05-17,84.91,,
160,1200,2.0,,,1 pallet per BB,Inspectorate,2022-05-17,605.0,,2022-05-17,,,
161,100,,,,1 pallet per 2 BB,Inspectorate,2022-11-19,110.00000000000001,2022-08-29,,84.91,,
162,550,,,,1 pallet per BB,Inspectorate,2022-11-19,4840.0,,2022-05-17,,,
163,100,,,,1 pallet per BB,Inspectorate,2022-04-15,1320.0,2022-11-30,2022-06-18,,,
164,4434,2.0,,,1 pallet per BB,Inspectorate,2022-04-15,484.00000000000006,2022-08-29,,,,
165,1200,,,,1 pallet per 2 BB,Inspectorate,2022-11-18,605.0,2022-04-27,2022-09-18,,,
166,100,,,,1 pallet per 2 BB,Inspectorate,2022-11-18,110.00000000000001,2022-08-29,2022-05-17,,,
167,1200,,,,1 pallet per BB,Inspectorate,2022-04-15,605.0,2022-04-27,,,,
168,4434,,,,1 pallet per 2 BB,Inspectorate,2022-11-19,605.0,2022-11-30,2022-06-18,84.91,,
169,440,,,,1 pallet per 2 BB,Inspectorate,2022-11-18,4840.0,2022-05-29,2022-12-20,,,
170,550,,,,1 pallet per BB,Inspectorate,2022-04-15,605.0,,2022-05-17,,,
171,100,2.0,,,1 pallet per 2 BB,Inspectorate,2022-11-18,605.0,2022-08-29,2022-06-18,,,
172,550,2.0,,,1 pallet per BB,Inspectorate,2022-04-15,4840.0,2022-04-27,2022-09-18,,,
173,440,,,,1 pallet per 2 BB,Inspectorate,2022-11-19,4840.0,2022-11-30,2022-09-18,,,
174,1200,,,,1 pallet per 2 BB,Inspectorate,2022-05-17,1320.0,2022-11-30,2022-12-20,84.91,,
175,550,2.0,,,1 pallet per BB,Inspectorate,2022-05-17,1320.0,,2022-06-18,,,
176,100,,,,1 pallet per BB,Inspectorate,2022-04-15,484.00000000000006,2022-04-27,2022-09-18,,,
177,550,,,,1 pallet per BB,Inspectorate,2022-08-17,605.0,2022-04-27,,,,
178,4434,,,,1 pallet per 2 BB,Inspectorate,2022-08-17,110.00000000000001,2022-11-30,2022-05-17,,,
179,550,,,,1 pallet per BB,Inspectorate,2022-04-15,110.00000000000001,2022-08-29,2022-12-20,,,
180,1200,2.0,,,1 pallet per BB,Inspectorate,2022-11-19,4840.0,2022-08-29,,,,
181,1200,,,,1 pallet per 2 BB,Inspectorate,2022-11-18,484.00000000000006,2022-08-29,2022-12-20,,,
182,1200,,,,1 pallet per BB,Inspectorate,2022-08-17,484.00000000000006,2022-05-29,,,,
183,440,,,,1 pallet per BB,Inspectorate,2022-11-18,484.00000000000006,2022-04-27,2022-05-17,,,
184,100,,,,1 pallet per BB,Inspectorate,2022-11-19,4840.0,2022-08-29,2022-09-18,,,
185,1200,,,,1 pallet per BB,Inspectorate,2022-04-15,110.00000000000001,2022-11-30,2022-12-20,,,
186,1200,,,,1 pallet per BB,Inspectorate,2022-04-15,4840.0,,,84.91,,
187,1200,,,,1 pallet per 2 BB,Inspectorate,2022-08-17,1320.0,2022-04-27,2022-12-20,,,
188,1200,2.0,,,1 pallet per BB,Inspectorate,2022-04-15,1320.0,2022-08-29,2022-05-17,,,
189,100,,,,1 pallet per BB,Inspectorate,2022-05-17,1320.0,2022-08-29,2022-06-18,,,
190,550,,,,1 pallet per BB,Inspectorate,2022-11-19,110.00000000000001,2022-05-29,2022-12-20,84.91,,
191,1200,,,,1 pallet per BB,Inspectorate,2022-11-19,605.0,2022-08-29,2022-05-17,,,
192,4434,,,,1 pallet per BB,Inspectorate,2022-05-17,605.0,2022-04-27,2022-05-17,,,
193,550,,,,1 pallet per BB,Inspectorate,2022-11-19,1320.0,2022-08-29,2022-09-18,,,
194,1200,,,,1 pallet per 2 BB,Inspectorate,2022-08-17,484.00000000000006,2022-08-29,2022-12-20,84.91,,
195,4434,,,,1 pallet per 2 BB,Inspectorate,2022-04-15,605.0,2022-08-29,,84.91,,
196,4434,,,,1 pallet per BB,Inspectorate,2022-11-18,605.0,2022-08-29,2022-12-20,84.91,,
197,550,,,,1 pallet per BB,Inspectorate,2022-11-18,4840.0,,2022-06-18,,,
198,4434,,,,1 pallet per BB,Inspectorate,2022-11-19,4840.0,2022-11-30,2022-12-20,84.91,,
199,100,,,,1 pallet per BB,Inspectorate,2022-04-15,1320.0,,2022-06-18,,,
200,1200,,,,1 pallet per BB,Inspectorate,2022-08-17,605.0,2022-05-29,2022-09-18,,,
201,100,2.0,,,1 pallet per BB,Inspectorate,2022-04-15,1320.0,2022-08-29,,,,
202,1200,,,,1 pallet per BB,Inspectorate,2022-04-15,605.0,,2022-05-17,,,
203,100,2.0,,,1 pallet per 2 BB,Inspectorate,2022-08-17,484.00000000000006,2022-11-30,2022-05-17,84.91,,
204,1200,,,,1 pallet per BB,Inspectorate,2022-04-15,4840.0,,,,,
205,550,,,,1 pallet per BB,Inspectorate,2022-11-18,484.00000000000006,2022-04-27,2022-06-18,84.91,,
206,4434,,,,1 pallet per 2 BB,Inspectorate,2022-08-17,4840.0,2022-05-29,2022-12-20,,,
207,100,,,,1 pallet per BB,Inspectorate,2022-05-17,605.0,2022-05-29,2022-05-17,,,
208,550,,,,1 pallet per BB,Inspectorate,2022-11-19,1320.0,2022-04-27,2022-09-18,,,
209,100,,,,1 pallet per BB,Inspectorate,2022-11-18,484.00000000000006,2022-08-29,2022-06-18,,,
210,440,,,,1 pallet per 2 BB,Inspectorate,2022-11-19,484.00000000000006,2022-08-29,2022-12-20,,,
211,100,,,,1 pallet per BB,Inspectorate,2022-08-17,110.00000000000001,2022-08-29,2022-12-20,,,
212,100,,,,1 pallet per BB,Inspectorate,2022-04-15,4840.0,2022-05-29,2022-06-18,,,
213,4434,,,,1 pallet per 2 BB,Inspectorate,2022-04-15,605.0,2022-08-29,,,,
214,100,,,,1 pallet per BB,Inspectorate,2022-05-17,605.0,2022-05-29,2022-06-18,,,
215,4434,,,,1 pallet per BB,Inspectorate,2022-11-19,1320.0,,2022-09-18,,,
216,440,,,,1 pallet per 2 BB,Inspectorate,2022-08-17,1320.0,2022-08-29,2022-09-18,,,
217,550,,,,1 pallet per BB,Inspectorate,2022-11-19,4840.0,2022-08-29,2022-05-17,,,
218,100,,,,1 pallet per BB,Inspectorate,2022-08-17,4840.0,2022-11-30,,84.91,,
219,1200,,,,1 pallet per 2 BB,Inspectorate,2022-08-17,1320.0,2022-04-27,,,,
220,550,,,,1 pallet per 2 BB,Inspectorate,2022-11-19,605.0,2022-11-30,2022-05-17,,,
221,1200,,,,1 pallet per BB,Inspectorate,2022-11-19,110.00000000000001,2022-11-30,2022-09-18,84.91,,
222,440,2.0,,,1 pallet per 2 BB,Inspectorate,2022-05-17,605.0,2022-05-29,2022-09-18,84.91,,
223,550,,,,1 pallet per 2 BB,Inspectorate,2022-04-15,4840.0,2022-04-27,2022-09-18,,,
224,550,,,,1 pallet per 2 BB,Inspectorate,2022-11-19,4840.0,2022-04-27,2022-09-18,,,
225,100,,,,1 pallet per BB,Inspectorate,2022-11-18,4840.0,,2022-12-20,,,
226,100,,,,1 pallet per BB,Inspectorate,2022-08-17,4840.0,2022-04-27,2022-12-20,,,
227,440,,,,1 pallet per 2 BB,Inspectorate,2022-05-17,484.00000000000006,2022-08-29,2022-12-20,,,
228,1200,,,,1 pallet per BB,Inspectorate,2022-11-18,110.00000000000001,2022-11-30,2022-12-20,,,
229,550,,,,1 pallet per 2 BB,Inspectorate,2022-11-18,4840.0,2022-08-29,2022-05-17,,,
230,100,,,,1 pallet per BB,Inspectorate,2022-08-17,484.00000000000006,2022-04-27,2022-12-20,,,
231,550,,,,1 pallet per BB,Inspectorate,2022-11-19,4840.0,2022-04-27,,,,
232,440,,,,1 pallet per BB,Inspectorate,2022-08-17,1320.0,2022-05-29,2022-06-18,,,
233,440,2.0,,,1 pallet per BB,Inspectorate,2022-08-17,110.00000000000001,2022-11-30,2022-09-18,,,
234,1200,,,,1 pallet per BB,Inspectorate,2022-04-15,605.0,2022-11-30,2022-09-18,84.91,,
235,100,,,,1 pallet per BB,Inspectorate,2022-05-17,1320.0,2022-11-30,2022-05-17,,,
236,550,,,,1 pallet per 2 BB,Inspectorate,2022-04-15,4840.0,2022-04-27,2022-09-18,84.91,,
237,550,,,,1 pallet per 2 BB,Inspectorate,2022-11-18,1320.0,2022-11-30,2022-09-18,,,
238,1200,2.0,,,1 pallet per BB,Inspectorate,2022-11-19,484.00000000000006,2022-04-27,2022-05-17,,,
239,4434,,,,1 pallet per BB,Inspectorate,2022-08-17,4840.0,2022-08-29,,,,
240,100,2.0,,,1 pallet per BB,Inspectorate,2022-11-18,605.0,2022-08-29,2022-06-18,,,
241,550,,,,1 pallet per 2 BB,Inspectorate,2022-08-17,484.00000000000006,,,84.91,,
242,4434,2.0,,,1 pallet per BB,Inspectorate,2022-11-18,4840.0,2022-11-30,2022-09-18,,,
243,1200,,,,1 pallet per BB,Inspectorate,2022-05-17,1320.0,2022-11-30,2022-06-18,,,
244,550,2.0,,,1 pallet per BB,Inspectorate,2022-04-15,1320.0,2022-05-29,2022-06-18,,,
245,4434,2.0,,,1 pallet per BB,Inspectorate,2022-11-18,484.00000000000006,2022-04-27,,,,
246,4434,,,,1 pallet per BB,Inspectorate,2022-11-18,4840.0,2022-05-29,2022-06-18,,,
247,550,,,,1 pallet per BB,Inspectorate,2022-11-19,484.00000000000006,,2022-06-18,84.91,,
248,4434,2.0,,,1 pallet per 2 BB,Inspectorate,2022-11-18,4840.0,2022-04-27,2022-09-18,,,
249,1200,2.0,,,1 pallet per 2 BB,Inspectorate,2022-04-15,1320.0,,2022-05-17,84.91,,
250,440,,,,1 pallet per BB,Inspectorate,2022-08-17,110.00000000000001,2022-05-29,2022-06-18,,,
251,4434,,,,1 pallet per BB,Inspectorate,2022-04-15,1320.0,2022-04-27,2022-05-17,84.91,,
252,440,2.0,,,1 pallet per 2 BB,Inspectorate,2022-11-18,484.00000000000006,2022-08-29,2022-12-20,,,
253,440,,,,1 pallet per 2 BB,Inspectorate,2022-08-17,605.0,,2022-09-18,84.91,,
254,550,,,,1 pallet per BB,Inspectorate,2022-08-17,4840.0,2022-11-30,2022-12-20,,,
255,550,,,,1 pallet per 2 BB,Inspectorate,2022-11-19,605.0,2022-05-29,2022-06-18,,,
256,550,2.0,,,1 pallet per 2 BB,Inspectorate,2022-08-17,4840.0,2022-08-29,2022-05-17,,,
257,440,,,,1 pallet per BB,Inspectorate,2022-05-17,4840.0,,2022-12-20,84.91,,
258,4434,,,,1 pallet per BB,Inspectorate,2022-04-15,1320.0,2022-11-30,,,,
259,100,,,,1 pallet per BB,Inspectorate,2022-11-19,4840.0,,2022-12-20,,,
260,440,,,,1 pallet per 2 BB,Inspectorate,2022-05-17,110.00000000000001,,2022-12-20,,,
261,100,2.0,,,1 pallet per BB,Inspectorate,2022-04-15,110.00000000000001,2022-11-30,2022-06-18,,,
262,550,,,,1 pallet per 2 BB,Inspectorate,2022-11-19,484.00000000000006,2022-11-30,2022-05-17,,,
263,4434,,,,1 pallet per 2 BB,Inspectorate,2022-04-15,484.00000000000006,2022-04-27,2022-09-18,,,
264,100,2.0,,,1 pallet per BB,Inspectorate,2022-11-18,484.00000000000006,2022-04-27,2022-06-18,,,
265,4434,,,,1 pallet per BB,Inspectorate,2022-05-17,605.0,,,84.91,,
266,1200,,,,1 pallet per BB,Inspectorate,2022-04-15,4840.0,2022-08-29,2022-09-18,,,
267,100,,,,1 pallet per BB,Inspectorate,2022-05-17,1320.0,2022-08-29,2022-09-18,,,
268,550,,,,1 pallet per BB,Inspectorate,2022-05-17,484.00000000000006,2022-11-30,,,,
269,440,,,,1 pallet per BB,Inspectorate,2022-11-18,605.0,2022-11-30,2022-12-20,,,
270,1200,,,,1 pallet per 2 BB,Inspectorate,2022-05-17,110.00000000000001,2022-04-27,2022-06-18,,,
271,1200,,,,1 pallet per 2 BB,Inspectorate,2022-05-17,110.00000000000001,2022-04-27,,,,
272,4434,,,,1 pallet per BB,Inspectorate,2022-05-17,605.0,2022-08-29,2022-09-18,,,
273,4434,,,,1 pallet per 2 BB,Inspectorate,2022-11-19,1320.0,2022-05-29,2022-06-18,84.91,,
274,1200,,,,1 pallet per 2 BB,Inspectorate,2022-11-19,4840.0,2022-04-27,2022-06-18,84.91,,
275,440,,,,1 pallet per BB,Inspectorate,2022-11-19,605.0,2022-04-27,2022-09-18,,,
276,4434,2.0,,,1 pallet per BB,Inspectorate,2022-11-19,1320.0,2022-05-29,,84.91,,
277,4434,2.0,,,1 pallet per BB,Inspectorate,2022-11-18,484.00000000000006,2022-08-29,2022-06-18,,,
278,550,,,,1 pallet per 2 BB,Inspectorate,2022-05-17,605.0,2022-08-29,2022-05-17,,,
279,550,,,,1 pallet per 2 BB,Inspectorate,2022-05-17,484.00000000000006,2022-11-30,2022-12-20,,,
280,4434,,,,1 pallet per BB,Inspectorate,2022-08-17,1320.0,2022-08-29,2022-05-17,,,
281,100,,,,1 pallet per BB,Inspectorate,2022-04-15,484.00000000000006,2022-08-29,2022-06-18,84.91,,
282,100,,,,1 pallet per 2 BB,Inspectorate,2022-11-19,4840.0,2022-05-29,,,,
283,550,,,,1 pallet per BB,Inspectorate,2022-04-15,484.00000000000006,2022-11-30,2022-12-20,,,
284,1200,,,,1 pallet per BB,Inspectorate,2022-04-15,605.0,2022-11-30,2022-12-20,,,
285,100,2.0,,,1 pallet per BB,Inspectorate,2022-04-15,110.00000000000001,2022-04-27,2022-06-18,,,
286,1200,,,,1 pallet per BB,Inspectorate,2022-11-18,484.00000000000006,2022-08-29,2022-09-18,84.91,,
287,100,,,,1 pallet per BB,Inspectorate,2022-11-19,605.0,2022-04-27,,,,
288,4434,2.0,,,1 pallet per BB,Inspectorate,2022-05-17,605.0,,2022-12-20,,,
289,550,,,,1 pallet per 2 BB,Inspectorate,2022-11-19,4840.0,,2022-09-18,,,
290,440,,,,1 pallet per 2 BB,Inspectorate,2022-05-17,1320.0,2022-08-29,,,,
291,1200,,,,1 pallet per BB,Inspectorate,2022-11-19,4840.0,,2022-09-18,,,
292,4434,,,,1 pallet per BB,Inspectorate,2022-11-19,110.00000000000001,2022-08-29,2022-06-18,,,
293,550,,,,1 pallet per BB,Inspectorate,2022-08-17,605.0,2022-05-29,2022-05-17,,,
294,550,,,,1 pallet per BB,Inspectorate,2022-11-19,484.00000000000006,2022-04-27,2022-09-18,,,
295,1200,,,,1 pallet per BB,Inspectorate,2022-05-17,1320.0,2022-04-27,2022-09-18,,,
296,440,,,,1 pallet per BB,Inspectorate,2022-04-15,110.00000000000001,2022-05-29,2022-06-18,,,
297,1200,,,,1 pallet per BB,Inspectorate,2022-05-17,4840.0,2022-04-27,2022-12-20,,,
298,4434,,,,1 pallet per BB,Inspectorate,2022-05-17,1320.0,2022-04-27,2022-06-18,84.91,,
299,4434,,,,1 pallet per BB,Inspectorate,2022-05-17,1320.0,2022-11-30,2022-05-17,,,
300,4434,2.0,,,1 pallet per 2 BB,Inspectorate,2022-11-19,4840.0,2022-05-29,2022-05-17,,,
301,4434,,,,1 pallet per 2 BB,Inspectorate,2022-04-15,110.00000000000001,2022-04-27,2022-09-18,,,
302,550,,,,1 pallet per BB,Inspectorate,2022-11-19,605.0,2022-11-30,2022-05-17,,,
303,440,,,,1 pallet per 2 BB,Inspectorate,2022-08-17,605.0,2022-05-29,,,,
304,440,,,,1 pallet per BB,Inspectorate,2022-11-18,605.0,2022-04-27,2022-09-18,,,
305,4434,2.0,,,1 pallet per 2 BB,Inspectorate,2022-08-17,110.00000000000001,2022-05-29,,84.91,,
306,100,2.0,,,1 pallet per BB,Inspectorate,2022-04-15,605.0,2022-05-29,2022-05-17,,,
307,100,2.0,,,1 pallet per 2 BB,Inspectorate,2022-11-18,605.0,2022-11-30,2022-06-18,84.91,,
308,100,,,,1 pallet per BB,Inspectorate,2022-11-19,4840.0,2022-11-30,,84.91,,
309,4434,,,,1 pallet per BB,Inspectorate,2022-04-15,605.0,2022-05-29,2022-09-18,,,
310,4434,,,,1 pallet per 2 BB,Inspectorate,2022-05-17,110.00000000000001,2022-04-27,2022-09-18,,,
311,550,,,,1 pallet per BB,Inspectorate,2022-11-18,484.00000000000006,2022-05-29,2022-09-18,84.91,,
312,1200,2.0,,,1 pallet per BB,Inspectorate,2022-11-19,1320.0,2022-04-27,2022-09-18,,,
313,1200,,,,1 pallet per BB,Inspectorate,2022-08-17,605.0,2022-04-27,2022-12-20,,,
314,550,,,,1 pallet per BB,Inspectorate,2022-11-19,4840.0,2022-05-29,2022-06-18,,,
315,550,,,,1 pallet per 2 BB,Inspectorate,2022-05-17,1320.0,,2022-12-20,84.91,,
316,100,,,,1 pallet per 2 BB,Inspectorate,2022-11-18,1320.0,,2022-05-17,,,
317,4434,2.0,,,1 pallet per BB,Inspectorate,2022-08-17,1320.0,2022-08-29,2022-05-17,,,
318,1200,,,,1 pallet per BB,Inspectorate,2022-05-17,4840.0,2022-04-27,2022-09-18,,,
319,1200,,,,1 pallet per BB,Inspectorate,2022-08-17,4840.0,2022-11-30,2022-12-20,,,
320,1200,,,,1 pallet per BB,Inspectorate,2022-11-18,110.00000000000001,2022-04-27,2022-06-18,,,
321,4434,,,,1 pallet per BB,Inspectorate,2022-11-19,4840.0,,2022-05-17,,,
322,100,2.0,,,1 pallet per BB,Inspectorate,2022-11-19,4840.0,2022-11-30,2022-06-18,84.91,,
323,550,,,,1 pallet per BB,Inspectorate,2022-11-19,484.00000000000006,2022-05-29,,,,
324,4434,,,,1 pallet per BB,Inspectorate,2022-04-15,605.0,2022-05-29,2022-05-17,,,
325,100,,,,1 pallet per BB,Inspectorate,2022-04-15,605.0,2022-11-30,2022-05-17,,,
326,550,,,,1 pallet per 2 BB,Inspectorate,2022-08-17,1320.0,,2022-12-20,,,
327,440,2.0,,,1 pallet per BB,Inspectorate,2022-11-19,484.00000000000006,2022-04-27,2022-09-18,,,
328,4434,,,,1 pallet per BB,Inspectorate,2022-04-15,110.00000000000001,2022-04-27,2022-05-17,84.91,,
329,440,,,,1 pallet per BB,Inspectorate,2022-04-15,484.00000000000006,,2022-09-18,,,
330,4434,,,,1 pallet per 2 BB,Inspectorate,2022-08-17,484.00000000000006,,2022-05-17,,,
331,440,,,,1 pallet per BB,Inspectorate,2022-11-18,484.00000000000006,2022-04-27,2022-09-18,84.91,,
332,100,,,,1 pallet per BB,Inspectorate,2022-04-15,605.0,2022-08-29,2022-05-17,,,
333,4434,,,,1 pallet per BB,Inspectorate,2022-05-17,110.00000000000001,2022-11-30,2022-05-17,,,
334,1200,,,,1 pallet per 2 BB,Inspectorate,2022-04-15,484.00000000000006,2022-11-30,2022-06-18,84.91,,
335,100,,,,1 pallet per BB,Inspectorate,2022-04-15,110.00000000000001,2022-11-30,2022-05-17,,,
336,1200,,,,1 pallet per 2 BB,Inspectorate,2022-05-17,4840.0,2022-05-29,2022-05-17,,,
337,1200,,,,1 pallet per 2 BB,Inspectorate,2022-08-17,110.00000000000001,2022-05-29,2022-05-17,,,
338,1200,,,,1 pallet per BB,Inspectorate,2022-11-19,605.0,2022-05-29,2022-12-20,,,
339,550,,,,1 pallet per 2 BB,Inspectorate,2022-11-18,1320.0,2022-04-27,,,,
340,100,,,,1 pallet per BB,Inspectorate,2022-11-18,4840.0,,2022-05-17,,,
341,4434,,,,1 pallet per 2 BB,Inspectorate,2022-08-17,484.00000000000006,2022-08-29,2022-12-20,,,
342,1200,,,,1 pallet per 2 BB,Inspectorate,2022-05-17,605.0,2022-08-29,2022-09-18,,,
343,1200,,,,1 pallet per 2 BB,Inspectorate,2022-11-19,1320.0,2022-11-30,2022-12-20,,,
344,440,,,,1 pallet per BB,Inspectorate,2022-08-17,484.00000000000006,2022-05-29,2022-06-18,84.91,,
345,100,,,,1 pallet per BB,Inspectorate,2022-11-19,1320.0,2022-05-29,2022-12-20,,,
346,550,2.0,,,1 pallet per 2 BB,Inspectorate,2022-08-17,1320.0,,2022-06-18,,,
347,1200,,,,1 pallet per BB,Inspectorate,2022-11-19,1320.0,2022-04-27,2022-09-18,,,
348,100,,,,1 pallet per 2 BB,Inspectorate,2022-04-15,4840.0,2022-11-30,2022-09-18,,,
349,1200,,,,1 pallet per BB,Inspectorate,2022-05-17,110.00000000000001,2022-08-29,2022-12-20,,,
350,550,,,,1 pallet per BB,Inspectorate,2022-08-17,110.00000000000001,2022-08-29,2022-06-18,,,
351,550,,,,1 pallet per BB,Inspectorate,2022-08-17,605.0,2022-11-30,2022-05-17,,,
352,4434,2.0,,,1 pallet per 2 BB,Inspectorate,2022-08-17,1320.0,,2022-09-18,,,
353,440,,,,1 pallet per BB,Inspectorate,2022-05-17,1320.0,,2022-09-18,,,
354,550,,,,1 pallet per 2 BB,Inspectorate,2022-05-17,4840.0,,2022-12-20,84.91,,
355,4434,,,,1 pallet per 2 BB,Inspectorate,2022-08-17,1320.0,2022-05-29,2022-05-17,,,
356,100,,,,1 pallet per BB,Inspectorate,2022-05-17,1320.0,2022-05-29,2022-06-18,,,
357,440,,,,1 pallet per BB,Inspectorate,2022-04-15,1320.0,2022-05-29,2022-05-17,,,
358,550,2.0,,,1 pallet per BB,Inspectorate,2022-08-17,605.0,2022-11-30,,,,
359,1200,,,,1 pallet per 2 BB,Inspectorate,2022-11-18,110.00000000000001,2022-05-29,,84.91,,
360,1200,,,,1 pallet per BB,Inspectorate,2022-11-19,605.0,2022-05-29,2022-05-17,,,
361,1200,,,,1 pallet per BB,Inspectorate,2022-11-19,4840.0,2022-08-29,2022-05-17,,,
362,550,,,,1 pallet per BB,Inspectorate,2022-05-17,4840.0,2022-08-29,,,,
363,1200,,,,1 pallet per BB,Inspectorate,2022-08-17,4840.0,2022-08-29,,,,
364,4434,,,,1 pallet per BB,Inspectorate,2022-08-17,1320.0,2022-11-30,2022-09-18,,,
365,4434,2.0,,,1 pallet per 2 BB,Inspectorate,2022-05-17,484.00000000000006,2022-11-30,2022-12-20,,,
366,440,2.0,,,1 pallet per BB,Inspectorate,2022-04-15,110.00000000000001,2022-11-30,2022-09-18,,,
367,4434,,,,1 pallet per BB,Inspectorate,2022-04-15,1320.0,2022-05-29,2022-09-18,,,
368,550,,,,1 pallet per BB,Inspectorate,2022-11-18,605.0,,2022-06-18,,,
369,550,,,,1 pallet per 2 BB,Inspectorate,2022-05-17,605.0,2022-05-29,2022-09-18,,,
370,1200,,,,1 pallet per 2 BB,Inspectorate,2022-04-15,4840.0,2022-08-29,2022-09-18,,,
371,100,,,,1 pallet per 2 BB,Inspectorate,2022-11-19,1320.0,,2022-06-18,,,
372,550,,,,1 pallet per BB,Inspectorate,2022-05-17,1320.0,2022-08-29,2022-09-18,,,
373,4434,,,,1 pallet per 2 BB,Inspectorate,2022-11-19,4840.0,2022-08-29,,,,
374,440,,,,1 pallet per BB,Inspectorate,2022-11-18,605.0,,2022-05-17,,,
375,4434,,,,1 pallet per BB,Inspectorate,2022-04-15,110.00000000000001,2022-05-29,2022-09-18,84.91,,
376,100,,,,1 pallet per BB,Inspectorate,2022-11-19,4840.0,2022-05-29,2022-06-18,,,
377,100,,,,1 pallet per BB,Inspectorate,2022-11-19,484.00000000000006,,,,,
378,550,2.0,,,1 pallet per BB,Inspectorate,2022-04-15,110.00000000000001,2022-11-30,2022-06-18,,,
379,100,,,,1 pallet per BB,Inspectorate,2022-08-17,1320.0,2022-04-27,2022-05-17,,,
380,100,,,,1 pallet per 2 BB,Inspectorate,2022-04-15,605.0,2022-08-29,2022-05-17,,,
381,100,,,,1 pallet per BB,Inspectorate,2022-11-19,110.00000000000001,2022-04-27,2022-06-18,,,
382,1200,,,,1 pallet per 2 BB,Inspectorate,2022-11-18,484.00000000000006,2022-08-29,,,,
383,440,,,,1 pallet per 2 BB,Inspectorate,2022-11-18,4840.0,2022-08-29,2022-05-17,,,
384,440,,,,1 pallet per BB,Inspectorate,2022-04-15,4840.0,,2022-09-18,,,
385,1200,,,,1 pallet per BB,Inspectorate,2022-04-15,1320.0,2022-04-27,,,,
386,100,2.0,,,1 pallet per BB,Inspectorate,2022-05-17,1320.0,2022-04-27,2022-12-20,,,
387,440,,,,1 pallet per BB,Inspectorate,2022-05-17,484.00000000000006,2022-08-29,2022-12-20,,,
388,1200,,,,1 pallet per 2 BB,Inspectorate,2022-04-15,4840.0,,2022-12-20,,,
389,440,,,,1 pallet per BB,Inspectorate,2022-11-18,605.0,2022-08-29,,,,
390,550,2.0,,,1 pallet per 2 BB,Inspectorate,2022-04-15,484.00000000000006,2022-11-30,2022-12-20,,,
391,4434,,,,1 pallet per 2 BB,Inspectorate,2022-05-17,484.00000000000006,,2022-12-20,,,
392,440,,,,1 pallet per BB,Inspectorate,2022-11-18,110.00000000000001,2022-04-27,2022-12-20,,,
393,100,,,,1 pallet per 2 BB,Inspectorate,2022-05-17,605.0,2022-11-30,2022-09-18,,,
394,1200,,,,1 pallet per BB,Inspectorate,2022-08-17,110.00000000000001,2022-05-29,2022-09-18,84.91,,
395,440,,,,1 pallet per 2 BB,Inspectorate,2022-11-19,110.00000000000001,,2022-12-20,,,
396,100,,,,1 pallet per 2 BB,Inspectorate,2022-11-18,605.0,2022-11-30,2022-05-17,,,
397,440,,,,1 pallet per BB,Inspectorate,2022-11-18,605.0,,2022-06-18,,,
398,100,2.0,,,1 pallet per 2 BB,Inspectorate,2022-11-18,1320.0,2022-11-30,2022-06-18,84.91,,
399,100,2.0,,,1 pallet per 2 BB,Inspectorate,2022-04-15,4840.0,2022-08-29,,,,
400,440,,,,1 pallet per 2 BB,Inspectorate,2022-05-17,484.00000000000006,2022-08-29,2022-06-18,84.91,,
401,550,,,,1 pallet per BB,Inspectorate,2022-05-17,1320.0,2022-08-29,2022-05-17,,,
402,440,2.0,,,1 pallet per 2 BB,Inspectorate,2022-08-17,1320.0,2022-11-30,2022-12-20,,,
403,550,2.0,,,1 pallet per 2 BB,Inspectorate,2022-05-17,110.00000000000001,2022-11-30,2022-05-17,,,
404,550,2.0,,,1 pallet per BB,Inspectorate,2022-05-17,4840.0,2022-08-29,2022-12-20,,,
405,100,,,,1 pallet per BB,Inspectorate,2022-04-15,605.0,,2022-09-18,,,
406,440,2.0,,,1 pallet per 2 BB,Inspectorate,2022-11-19,484.00000000000006,2022-04-27,,,,
407,440,,,,1 pallet per BB,Inspectorate,2022-11-19,110.00000000000001,2022-04-27,2022-12-20,,,
408,1200,,,,1 pallet per 2 BB,Inspectorate,2022-04-15,4840.0,2022-08-29,2022-12-20,84.91,,
409,100,2.0,,,1 pallet per 2 BB,Inspectorate,2022-04-15,605.0,2022-11-30,2022-09-18,,,
410,4434,,,,1 pallet per 2 BB,Inspectorate,2022-11-18,1320.0,2022-04-27,2022-06-18,,,
411,1200,2.0,,,1 pallet per 2 BB,Inspectorate,2022-05-17,110.00000000000001,,2022-12-20,,,
412,440,,,,1 pallet per 2 BB,Inspectorate,2022-11-19,4840.0,2022-05-29,,,,
413,1200,,,,1 pallet per 2 BB,Inspectorate,2022-05-17,4840.0,2022-08-29,2022-06-18,,,
414,440,,,,1 pallet per BB,Inspectorate,2022-05-17,110.00000000000001,2022-11-30,2022-12-20,84.91,,
415,1200,,,,1 pallet per BB,Inspectorate,2022-11-19,110.00000000000001,2022-04-27,,,,
416,4434,,,,1 pallet per BB,Inspectorate,2022-11-18,484.00000000000006,2022-11-30,,,,
417,100,,,,1 pallet per BB,Inspectorate,2022-05-17,110.00000000000001,2022-08-29,,,,
418,550,,,,1 pallet per BB,Inspectorate,2022-08-17,110.00000000000001,2022-05-29,,,,
419,550,,,,1 pallet per 2 BB,Inspectorate,2022-08-17,605.0,2022-11-30,,,,
420,4434,2.0,,,1 pallet per BB,Inspectorate,2022-11-19,605.0,2022-05-29,2022-06-18,,,
421,550,2.0,,,1 pallet per 2 BB,Inspectorate,2022-08-17,4840.0,,2022-09-18,,,
422,1200,,,,1 pallet per BB,Inspectorate,2022-11-19,110.00000000000001,2022-08-29,2022-05-17,,,
423,440,,,,1 pallet per BB,Inspectorate,2022-11-18,4840.0,2022-05-29,2022-05-17,,,
424,1200,,,,1 pallet per 2 BB,Inspectorate,2022-04-15,1320.0,,,,,
425,550,,,,1 pallet per 2 BB,Inspectorate,2022-08-17,484.00000000000006,2022-05-29,2022-06-18,,,
426,1200,2.0,,,1 pallet per 2 BB,Inspectorate,2022-08-17,605.0,2022-11-30,2022-05-17,,,
427,4434,,,,1 pallet per BB,Inspectorate,2022-11-19,110.00000000000001,2022-11-30,,,,
428,100,,,,1 pallet per 2 BB,Inspectorate,2022-05-17,4840.0,2022-05-29,2022-09-18,,,
429,440,,,,1 pallet per BB,Inspectorate,2022-05-17,605.0,,,,,
430,4434,,,,1 pallet per 2 BB,Inspectorate,2022-05-17,4840.0,2022-04-27,,,,
431,550,2.0,,,1 pallet per BB,Inspectorate,2022-08-17,1320.0,2022-11-30,2022-06-18,,,
432,1200,,,,1 pallet per 2 BB,Inspectorate,2022-08-17,110.00000000000001,2022-04-27,,,,
433,550,,,,1 pallet per BB,Inspectorate,2022-11-19,110.00000000000001,2022-11-30,2022-09-18,,,
434,1200,,,,1 pallet per BB,Inspectorate,2022-08-17,4840.0,2022-11-30,2022-05-17,,,
435,1200,2.0,,,1 pallet per BB,Inspectorate,2022-11-18,605.0,2022-08-29,2022-12-20,,,
436,440,,,,1 pallet per BB,Inspectorate,2022-08-17,4840.0,2022-04-27,2022-05-17,84.91,,
437,4434,,,,1 pallet per BB,Inspectorate,2022-11-19,4840.0,2022-08-29,2022-09-18,,,
438,550,,,,1 pallet per 2 BB,Inspectorate,2022-11-19,4840.0,,2022-09-18,84.91,,
439,1200,,,,1 pallet per BB,Inspectorate,2022-05-17,4840.0,2022-04-27,,,,
440,4434,2.0,,,1 pallet per 2 BB,Inspectorate,2022-11-19,1320.0,2022-08-29,2022-06-18,,,
441,4434,2.0,,,1 pallet per BB,Inspectorate,2022-04-15,484.00000000000006,2022-04-27,2022-06-18,,,
442,1200,2.0,,,1 pallet per BB,Inspectorate,2022-11-19,110.00000000000001,2022-05-29,2022-05-17,,,
443,550,,,,1 pallet per 2 BB,Inspectorate,2022-08-17,4840.0,,2022-12-20,,,
444,1200,,,,1 pallet per BB,Inspectorate,2022-11-18,1320.0,2022-04-27,2022-05-17,84.91,,
445,4434,,,,1 pallet per BB,Inspectorate,2022-08-17,484.00000000000006,2022-04-27,2022-12-20,,,
446,100,,,,1 pallet per BB,Inspectorate,2022-05-17,4840.0,2022-04-27,2022-06-18,,,
447,1200,,,,1 pallet per 2 BB,Inspectorate,2022-05-17,4840.0,,2022-12-20,,,
448,550,2.0,,,1 pallet per 2 BB,Inspectorate,2022-11-18,1320.0,2022-08-29,,,,
449,440,,,,1 pallet per BB,Inspectorate,2022-11-18,484.00000000000006,,,84.91,,
450,100,2.0,,,1 pallet per BB,Inspectorate,2022-04-15,110.00000000000001,2022-05-29,2022-05-17,84.91,,
451,4434,,,,1 pallet per BB,Inspectorate,2022-08-17,484.00000000000006,,2022-05-17,,,
452,440,,,,1 pallet per BB,Inspectorate,2022-11-19,1320.0,2022-04-27,2022-05-17,,,
453,440,,,,1 pallet per BB,Inspectorate,2022-04-15,484.00000000000006,2022-04-27,,,,
454,550,,,,1 pallet per BB,Inspectorate,2022-08-17,4840.0,2022-08-29,2022-09-18,,,
455,1200,,,,1 pallet per 2 BB,Inspectorate,2022-08-17,4840.0,,2022-05-17,,,
456,1200,2.0,,,1 pallet per 2 BB,Inspectorate,2022-08-17,4840.0,2022-08-29,2022-05-17,,,
457,4434,,,,1 pallet per BB,Inspectorate,2022-11-18,484.00000000000006,2022-05-29,,,,
458,550,,,,1 pallet per BB,Inspectorate,2022-11-19,1320.0,,2022-09-18,,,
459,440,,,,1 pallet per 2 BB,Inspectorate,2022-08-17,4840.0,2022-08-29,2022-09-18,,,
460,440,2.0,,,1 pallet per 2 BB,Inspectorate,2022-04-15,1320.0,2022-11-30,,,,
461,550,,,,1 pallet per 2 BB,Inspectorate,2022-05-17,484.00000000000006,2022-05-29,2022-05-17,,,
462,100,,,,1 pallet per 2 BB,Inspectorate,2022-08-17,605.0,2022-08-29,2022-09-18,,,
463,4434,,,,1 pallet per 2 BB,Inspectorate,2022-11-19,110.00000000000001,2022-08-29,2022-06-18,,,
464,1200,,,,1 pallet per 2 BB,Inspectorate,2022-11-19,110.00000000000001,2022-04-27,2022-12-20,,,
465,550,2.0,,,1 pallet per 2 BB,Inspectorate,2022-05-17,110.00000000000001,2022-08-29,2022-09-18,,,
466,100,,,,1 pallet per BB,Inspectorate,2022-05-17,1320.0,,2022-12-20,,,
467,1200,,,,1 pallet per BB,Inspectorate,2022-11-19,605.0,2022-11-30,2022-06-18,,,
468,550,,,,1 pallet per BB,Inspectorate,2022-11-19,110.00000000000001,2022-05-29,2022-12-20,,,
469,1200,,,,1 pallet per BB,Inspectorate,2022-11-18,110.00000000000001,2022-05-29,2022-05-17,,,
470,1200,,,,1 pallet per 2 BB,Inspectorate,2022-08-17,605.0,2022-08-29,2022-12-20,,,
471,1200,,,,1 pallet per BB,Inspectorate,2022-11-19,605.0,2022-04-27,,,,
472,4434,,,,1 pallet per BB,Inspectorate,2022-08-17,4840.0,2022-11-30,2022-12-20,,,
473,550,,,,1 pallet per BB,Inspectorate,2022-11-19,484.00000000000006,2022-11-30,2022-09-18,,,
474,4434,,,,1 pallet per BB,Inspectorate,2022-11-18,110.00000000000001,2022-08-29,2022-09-18,84.91,,
475,550,,,,1 pallet per BB,Inspectorate,2022-11-18,1320.0,,2022-12-20,,,
476,4434,2.0,,,1 pallet per BB,Inspectorate,2022-05-17,1320.0,2022-08-29,2022-06-18,,,
477,440,,,,1 pallet per 2 BB,Inspectorate,2022-05-17,1320.0,2022-08-29,,,,
478,100,,,,1 pallet per 2 BB,Inspectorate,2022-04-15,1320.0,2022-08-29,2022-05-17,,,
479,4434,,,,1 pallet per 2 BB,Inspectorate,2022-05-17,110.00000000000001,2022-11-30,2022-09-18,,,
480,1200,,,,1 pallet per BB,Inspectorate,2022-11-19,605.0,2022-05-29,2022-09-18,,,
481,100,,,,1 pallet per 2 BB,Inspectorate,2022-11-18,484.00000000000006,2022-04-27,2022-12-20,,,
482,440,,,,1 pallet per 2 BB,Inspectorate,2022-05-17,605.0,2022-11-30,,84.91,,
483,550,,,,1 pallet per BB,Inspectorate,2022-11-18,1320.0,2022-08-29,2022-05-17,,,
484,1200,,,,1 pallet per BB,Inspectorate,2022-11-18,484.00000000000006,2022-04-27,2022-06-18,,,
485,100,,,,1 pallet per BB,Inspectorate,2022-11-18,484.00000000000006,2022-08-29,,,,
486,550,,,,1 pallet per 2 BB,Inspectorate,2022-08-17,1320.0,2022-04-27,2022-06-18,84.91,,
487,100,,,,1 pallet per BB,Inspectorate,2022-08-17,4840.0,2022-11-30,2022-12-20,84.91,,
488,4434,,,,1 pallet per 2 BB,Inspectorate,2022-04-15,110.00000000000001,2022-11-30,2022-05-17,,,
489,4434,,,,1 pallet per BB,Inspectorate,2022-05-17,4840.0,2022-04-27,2022-09-18,84.91,,
490,550,,,,1 pallet per BB,Inspectorate,2022-11-18,484.00000000000006,2022-08-29,2022-12-20,,,
491,1200,,,,1 pallet per 2 BB,Inspectorate,2022-04-15,110.00000000000001,2022-04-27,2022-09-18,84.91,,
492,1200,,,,1 pallet per 2 BB,Inspectorate,2022-04-15,1320.0,2022-04-27,2022-05-17,,,
493,4434,,,,1 pallet per BB,Inspectorate,2022-11-19,1320.0,2022-04-27,,,,
494,550,,,,1 pallet per BB,Inspectorate,2022-05-17,1320.0,2022-08-29,2022-12-20,,,
495,550,,,,1 pallet per BB,Inspectorate,2022-08-17,110.00000000000001,2022-08-29,,,,
496,1200,,,,1 pallet per BB,Inspectorate,2022-11-19,605.0,,2022-06-18,,,
497,440,,,,1 pallet per BB,Inspectorate,2022-11-19,1320.0,,2022-05-17,,,
498,1200,,,,1 pallet per 2 BB,Inspectorate,2022-05-17,1320.0,2022-05-29,2022-12-20,,,
499,1200,,,,1 pallet per BB,Inspectorate,2022-11-18,4840.0,,2022-06-18,,,
500,550,,,,1 pallet per 2 BB,Inspectorate,2022-08-17,4840.0,2022-11-30,2022-12-20,,,
501,440,,,,1 pallet per BB,Inspectorate,2022-11-18,110.00000000000001,2022-11-30,,,,
502,440,,,,1 pallet per BB,Inspectorate,2022-11-19,4840.0,2022-11-30,,,,
503,440,,,,1 pallet per BB,Inspectorate,2022-11-19,484.00000000000006,,2022-09-18,,,
504,4434,,,,1 pallet per BB,Inspectorate,2022-05-17,110.00000000000001,2022-04-27,2022-12-20,,,
505,550,,,,1 pallet per BB,Inspectorate,2022-11-18,110.00000000000001,,,84.91,,
506,440,,,,1 pallet per 2 BB,Inspectorate,2022-05-17,1320.0,2022-04-27,2022-05-17,84.91,,
507,4434,,,,1 pallet per BB,Inspectorate,2022-11-18,1320.0,2022-04-27,,,,
508,550,,,,1 pallet per BB,Inspectorate,2022-11-19,484.00000000000006,,2022-06-18,,,
509,4434,,,,1 pallet per BB,Inspectorate,2022-05-17,4840.0,2022-04-27,2022-05-17,,,
510,1200,,,,1 pallet per BB,Inspectorate,2022-11-19,484.00000000000006,2022-05-29,,,,
511,550,,,,1 pallet per BB,Inspectorate,2022-08-17,484.00000000000006,2022-04-27,2022-06-18,84.91,,
512,550,2.0,,,1 pallet per BB,Inspectorate,2022-05-17,110.00000000000001,,2022-12-20,,,
513,440,,,,1 pallet per BB,Inspectorate,2022-11-18,484.00000000000006,,,,,
514,1200,,,,1 pallet per BB,Inspectorate,2022-11-19,1320.0,2022-05-29,,,,
515,440,,,,1 pallet per BB,Inspectorate,2022-05-17,4840.0,2022-08-29,,,,
516,440,,,,1 pallet per 2 BB,Inspectorate,2022-05-17,1320.0,2022-11-30,2022-05-17,,,
517,550,2.0,,,1 pallet per BB,Inspectorate,2022-08-17,605.0,2022-11-30,2022-09-18,,,
518,440,,,,1 pallet per 2 BB,Inspectorate,2022-11-18,484.00000000000006,,2022-06-18,,,
519,4434,,,,1 pallet per 2 BB,Inspectorate,2022-11-19,605.0,2022-08-29,2022-09-18,,,
520,4434,2.0,,,1 pallet per 2 BB,Inspectorate,2022-08-17,605.0,2022-04-27,2022-05-17,,,
521,440,,,,1 pallet per BB,Inspectorate,2022-04-15,605.0,2022-08-29,2022-05-17,,,
522,550,,,,1 pallet per BB,Inspectorate,2022-11-19,1320.0,2022-04-27,2022-12-20,,,
523,440,,,,1 pallet per BB,Inspectorate,2022-11-19,4840.0,2022-05-29,2022-06-18,,,
524,4434,,,,1 pallet per BB,Inspectorate,2022-11-19,4840.0,2022-08-29,2022-09-18,84.91,,
525,100,2.0,,,1 pallet per 2 BB,Inspectorate,2022-08-17,1320.0,2022-08-29,2022-09-18,84.91,,
526,550,,,,1 pallet per 2 BB,Inspectorate,2022-04-15,605.0,,,84.91,,
527,440,,,,1 pallet per BB,Inspectorate,2022-08-17,1320.0,2022-08-29,2022-06-18,,,
528,440,,,,1 pallet per 2 BB,Inspectorate,2022-11-19,110.00000000000001,2022-08-29,2022-12-20,,,
529,100,,,,1 pallet per BB,Inspectorate,2022-05-17,1320.0,2022-04-27,2022-09-18,,,
530,1200,,,,1 pallet per BB,Inspectorate,2022-05-17,1320.0,,,,,
531,4434,,,,1 pallet per 2 BB,Inspectorate,2022-08-17,484.00000000000006,2022-11-30,2022-12-20,,,
532,550,,,,1 pallet per BB,Inspectorate,2022-05-17,4840.0,2022-08-29,2022-05-17,,,
533,440,,,,1 pallet per BB,Inspectorate,2022-08-17,484.00000000000006,2022-11-30,2022-06-18,,,
534,100,,,,1 pallet per 2 BB,Inspectorate,2022-05-17,1320.0,2022-11-30,2022-06-18,,,
535,4434,,,,1 pallet per BB,Inspectorate,2022-11-18,110.00000000000001,2022-05-29,2022-05-17,,,
536,550,,,,1 pallet per BB,Inspectorate,2022-05-17,4840.0,,2022-06-18,,,
537,100,,,,1 pallet per 2 BB,Inspectorate,2022-08-17,110.00000000000001,2022-11-30,2022-12-20,84.91,,
538,4434,,,,1 pallet per 2 BB,Inspectorate,2022-05-17,605.0,2022-05-29,2022-06-18,,,
539,440,,,,1 pallet per BB,Inspectorate,2022-11-19,1320.0,2022-04-27,2022-12-20,,,
540,100,,,,1 pallet per 2 BB,Inspectorate,2022-04-15,484.00000000000006,2022-08-29,2022-05-17,84.91,,
541,4434,,,,1 pallet per BB,Inspectorate,2022-11-19,605.0,,2022-09-18,,,
542,4434,,,,1 pallet per BB,Inspectorate,2022-11-18,605.0,2022-11-30,2022-09-18,,,
543,100,,,,1 pallet per BB,Inspectorate,2022-11-19,110.00000000000001,,2022-06-18,,,
544,4434,,,,1 pallet per BB,Inspectorate,2022-04-15,484.00000000000006,2022-04-27,2022-05-17,,,
545,4434,,,,1 pallet per BB,Inspectorate,2022-08-17,484.00000000000006,,,,,
546,4434,,,,1 pallet per 2 BB,Inspectorate,2022-05-17,1320.0,2022-04-27,2022-05-17,,,
547,100,,,,1 pallet per BB,Inspectorate,2022-11-18,4840.0,,2022-05-17,,,
548,100,,,,1 pallet per 2 BB,Inspectorate,2022-04-15,605.0,2022-11-30,2022-05-17,,,
549,440,,,,1 pallet per 2 BB,Inspectorate,2022-05-17,110.00000000000001,2022-04-27,2022-05-17,,,
550,550,,,,1 pallet per BB,Inspectorate,2022-05-17,605.0,2022-05-29,2022-09-18,,,
551,1200,,,,1 pallet per BB,Inspectorate,2022-11-19,605.0,,2022-06-18,,,
552,1200,,,,1 pallet per 2 BB,Inspectorate,2022-04-15,1320.0,2022-11-30,2022-05-17,,,
553,4434,2.0,,,1 pallet per BB,Inspectorate,2022-11-18,605.0,,2022-05-17,84.91,,
554,100,,,,1 pallet per BB,Inspectorate,2022-05-17,605.0,,2022-06-18,84.91,,
555,100,,,,1 pallet per BB,Inspectorate,2022-04-15,1320.0,2022-04-27,2022-12-20,,,
556,100,,,,1 pallet per 2 BB,Inspectorate,2022-08-17,1320.0,2022-05-29,2022-09-18,,,
557,440,,,,1 pallet per 2 BB,Inspectorate,2022-05-17,110.00000000000001,2022-05-29,2022-09-18,84.91,,
558,100,,,,1 pallet per 2 BB,Inspectorate,2022-11-18,605.0,2022-08-29,2022-09-18,84.91,,
559,1200,2.0,,,1 pallet per 2 BB,Inspectorate,2022-11-19,605.0,2022-08-29,2022-06-18,,,
560,440,2.0,,,1 pallet per BB,Inspectorate,2022-11-19,1320.0,2022-11-30,,,,
561,100,,,,1 pallet per 2 BB,Inspectorate,2022-11-19,605.0,2022-04-27,2022-09-18,,,
562,440,,,,1 pallet per BB,Inspectorate,2022-08-17,4840.0,2022-11-30,2022-09-18,,,
563,1200,2.0,,,1 pallet per 2 BB,Inspectorate,2022-11-18,4840.0,2022-04-27,2022-09-18,,,
564,1200,,,,1 pallet per 2 BB,Inspectorate,2022-04-15,1320.0,2022-05-29,2022-06-18,,,
565,1200,,,,1 pallet per BB,Inspectorate,2022-08-17,4840.0,2022-08-29,2022-06-18,,,
566,4434,,,,1 pallet per BB,Inspectorate,2022-11-18,110.00000000000001,2022-05-29,2022-05-17,,,
567,100,,,,1 pallet per BB,Inspectorate,2022-08-17,110.00000000000001,2022-11-30,,,,
568,440,,,,1 pallet per 2 BB,Inspectorate,2022-05-17,1320.0,2022-08-29,2022-12-20,,,
569,4434,,,,1 pallet per BB,Inspectorate,2022-11-19,605.0,2022-11-30,,,,
570,550,,,,1 pallet per 2 BB,Inspectorate,2022-04-15,110.00000000000001,2022-05-29,2022-09-18,,,
571,1200,,,,1 pallet per BB,Inspectorate,2022-11-19,605.0,2022-08-29,2022-06-18,,,
572,4434,,,,1 pallet per 2 BB,Inspectorate,2022-11-19,110.00000000000001,2022-05-29,2022-12-20,84.91,,
573,1200,,,,1 pallet per BB,Inspectorate,2022-05-17,1320.0,,2022-05-17,,,
574,550,2.0,,,1 pallet per BB,Inspectorate,2022-11-18,484.00000000000006,2022-04-27,2022-09-18,,,
575,100,,,,1 pallet per BB,Inspectorate,2022-11-19,110.00000000000001,,2022-09-18,,,
576,100,2.0,,,1 pallet per BB,Inspectorate,2022-05-17,110.00000000000001,,2022-05-17,84.91,,
577,1200,,,,1 pallet per BB,Inspectorate,2022-11-18,4840.0,2022-08-29,,84.91,,
578,1200,2.0,,,1 pallet per BB,Inspectorate,2022-11-19,1320.0,2022-04-27,2022-09-18,,,
579,550,,,,1 pallet per BB,Inspectorate,2022-11-18,1320.0,2022-11-30,2022-12-20,,,
580,550,,,,1 pallet per BB,Inspectorate,2022-11-19,484.00000000000006,,,,,
581,1200,,,,1 pallet per BB,Inspectorate,2022-08-17,1320.0,2022-05-29,,,,
582,550,,,,1 pallet per 2 BB,Inspectorate,2022-04-15,484.00000000000006,,,,,
583,440,,,,1 pallet per BB,Inspectorate,2022-11-18,4840.0,2022-05-29,2022-06-18,,,
584,100,,,,1 pallet per BB,Inspectorate,2022-08-17,605.0,2022-05-29,2022-12-20,,,
585,100,,,,1 pallet per 2 BB,Inspectorate,2022-11-18,1320.0,2022-08-29,2022-05-17,84.91,,
586,100,2.0,,,1 pallet per 2 BB,Inspectorate,2022-05-17,605.0,2022-08-29,2022-06-18,84.91,,
587,4434,,,,1 pallet per BB,Inspectorate,2022-05-17,4840.0,2022-05-29,2022-09-18,,,
588,100,,,,1 pallet per BB,Inspectorate,2022-08-17,110.00000000000001,,,84.91,,
589,440,,,,1 pallet per 2 BB,Inspectorate,2022-11-18,4840.0,2022-05-29,2022-09-18,,,
590,550,,,,1 pallet per BB,Inspectorate,2022-08-17,484.00000000000006,2022-08-29,,84.91,,
591,1200,,,,1 pallet per 2 BB,Inspectorate,2022-05-17,484.00000000000006,2022-11-30,2022-09-18,,,
592,4434,,,,1 pallet per BB,Inspectorate,2022-08-17,4840.0,,,84.91,,
593,440,2.0,,,1 pallet per 2 BB,Inspectorate,2022-08-17,110.00000000000001,2022-08-29,2022-06-18,,,
594,1200,,,,1 pallet per 2 BB,Inspectorate,2022-05-17,110.00000000000001,,2022-06-18,,,
595,100,,,,1 pallet per 2 BB,Inspectorate,2022-11-19,1320.0,2022-11-30,2022-12-20,,,
596,4434,,,,1 pallet per BB,Inspectorate,2022-04-15,4840.0,,2022-12-20,,,
597,1200,2.0,,,1 pallet per 2 BB,Inspectorate,2022-11-18,110.00000000000001,,2022-06-18,84.91,,
598,4434,,,,1 pallet per BB,Inspectorate,2022-11-18,4840.0,2022-05-29,,,,
599,100,,,,1 pallet per BB,Inspectorate,2022-04-15,4840.0,2022-04-27,2022-12-20,,,
600,440,,,,1 pallet per BB,Inspectorate,2022-11-19,110.00000000000001,2022-08-29,2022-06-18,,,
601,1200,,,,1 pallet per 2 BB,Inspectorate,2022-11-19,605.0,,,,,
602,550,,,,1 pallet per 2 BB,Inspectorate,2022-04-15,1320.0,2022-04-27,2022-05-17,,,
603,100,,,,1 pallet per 2 BB,Inspectorate,2022-08-17,110.00000000000001,2022-05-29,2022-06-18,84.91,,
604,1200,2.0,,,1 pallet per BB,Inspectorate,2022-05-17,4840.0,,2022-06-18,,,
605,100,,,,1 pallet per BB,Inspectorate,2022-08-17,4840.0,2022-04-27,,,,
606,440,2.0,,,1 pallet per 2 BB,Inspectorate,2022-04-15,1320.0,,,,,
607,440,,,,1 pallet per 2 BB,Inspectorate,2022-04-15,1320.0,2022-05-29,2022-05-17,84.91,,
608,440,,,,1 pallet per 2 BB,Inspectorate,2022-11-19,4840.0,2022-08-29,2022-09-18,84.91,,
609,550,,,,1 pallet per BB,Inspectorate,2022-11-19,484.00000000000006,2022-04-27,2022-12-20,,,
610,4434,,,,1 pallet per BB,Inspectorate,2022-05-17,110.00000000000001,2022-05-29,2022-06-18,,,
611,550,,,,1 pallet per BB,Inspectorate,2022-04-15,4840.0,,2022-06-18,,,
612,100,,,,1 pallet per 2 BB,Inspectorate,2022-04-15,484.00000000000006,2022-04-27,2022-06-18,,,
613,440,,,,1 pallet per 2 BB,Inspectorate,2022-08-17,484.00000000000006,,2022-06-18,,,
614,1200,,,,1 pallet per 2 BB,Inspectorate,2022-11-19,4840.0,2022-08-29,2022-06-18,,,
615,1200,,,,1 pallet per BB,Inspectorate,2022-04-15,110.00000000000001,2022-08-29,2022-09-18,84.91,,
616,4434,,,,1 pallet per BB,Inspectorate,2022-05-17,484.00000000000006,2022-04-27,2022-09-18,,,
617,1200,,,,1 pallet per 2 BB,Inspectorate,2022-05-17,605.0,2022-04-27,2022-12-20,,,
618,100,2.0,,,1 pallet per 2 BB,Inspectorate,2022-05-17,4840.0,,2022-05-17,,,
619,4434,2.0,,,1 pallet per BB,Inspectorate,2022-08-17,605.0,2022-11-30,2022-12-20,,,
620,4434,,,,1 pallet per BB,Inspectorate,2022-11-18,110.00000000000001,2022-04-27,,,,
621,440,,,,1 pallet per BB,Inspectorate,2022-05-17,605.0,2022-08-29,2022-12-20,,,
622,550,,,,1 pallet per 2 BB,Inspectorate,2022-11-19,605.0,,2022-05-17,,,
623,100,,,,1 pallet per BB,Inspectorate,2022-05-17,110.00000000000001,2022-05-29,2022-12-20,,,
624,4434,,,,1 pallet per BB,Inspectorate,2022-05-17,4840.0,2022-08-29,2022-09-18,,,
625,440,2.0,,,1 pallet per 2 BB,Inspectorate,2022-11-18,110.00000000000001,2022-08-29,2022-05-17,84.91,,
626,1200,,,,1 pallet per BB,Inspectorate,2022-11-19,484.00000000000006,,2022-09-18,84.91,,
627,1200,,,,1 pallet per BB,Inspectorate,2022-11-18,605.0,2022-05-29,2022-05-17,,,
628,440,,,,1 pallet per BB,Inspectorate,2022-08-17,1320.0,,,,,
629,550,2.0,,,1 pallet per BB,Inspectorate,2022-11-18,110.00000000000001,2022-11-30,2022-12-20,,,
630,100,2.0,,,1 pallet per BB,Inspectorate,2022-05-17,1320.0,,,,,
631,100,,,,1 pallet per 2 BB,Inspectorate,2022-04-15,4840.0,2022-05-29,2022-09-18,,,
632,440,,,,1 pallet per 2 BB,Inspectorate,2022-11-18,1320.0,2022-05-29,,,,
633,1200,,,,1 pallet per 2 BB,Inspectorate,2022-08-17,484.00000000000006,2022-05-29,,,,
634,550,,,,1 pallet per BB,Inspectorate,2022-08-17,605.0,,2022-06-18,,,
635,1200,,,,1 pallet per BB,Inspectorate,2022-11-19,484.00000000000006,2022-11-30,2022-06-18,84.91,,
636,440,,,,1 pallet per 2 BB,Inspectorate,2022-11-19,110.00000000000001,2022-05-29,2022-09-18,,,
637,440,2.0,,,1 pallet per 2 BB,Inspectorate,2022-11-18,484.00000000000006,2022-04-27,2022-06-18,,,
638,550,,,,1 pallet per BB,Inspectorate,2022-05-17,484.00000000000006,2022-08-29,2022-09-18,,,
639,440,,,,1 pallet per BB,Inspectorate,2022-04-15,605.0,2022-05-29,2022-05-17,,,
640,550,2.0,,,1 pallet per BB,Inspectorate,2022-08-17,1320.0,2022-05-29,2022-09-18,,,
641,100,,,,1 pallet per BB,Inspectorate,2022-05-17,110.00000000000001,2022-05-29,2022-05-17,,,
642,4434,2.0,,,1 pallet per 2 BB,Inspectorate,2022-11-19,605.0,2022-08-29,2022-09-18,,,
643,100,,,,1 pallet per 2 BB,Inspectorate,2022-05-17,605.0,,2022-06-18,,,
644,1200,,,,1 pallet per BB,Inspectorate,2022-05-17,484.00000000000006,2022-05-29,,,,
645,100,2.0,,,1 pallet per 2 BB,Inspectorate,2022-04-15,1320.0,2022-08-29,2022-09-18,,,
646,4434,,,,1 pallet per BB,Inspectorate,2022-11-19,1320.0,2022-04-27,2022-09-18,,,
647,440,,,,1 pallet per 2 BB,Inspectorate,2022-11-18,1320.0,2022-04-27,2022-06-18,,,
648,440,,,,1 pallet per BB,Inspectorate,2022-04-15,1320.0,2022-04-27,2022-09-18,,,
649,100,,,,1 pallet per BB,Inspectorate,2022-08-17,110.00000000000001,,2022-09-18,84.91,,
650,440,,,,1 pallet per BB,Inspectorate,2022-08-17,605.0,2022-08-29,2022-12-20,,,
651,550,,,,1 pallet per BB,Inspectorate,2022-05-17,484.00000000000006,2022-11-30,2022-05-17,84.91,,
652,4434,,,,1 pallet per 2 BB,Inspectorate,2022-11-19,4840.0,2022-08-29,2022-09-18,,,
653,550,,,,1 pallet per BB,Inspectorate,2022-04-15,1320.0,2022-04-27,2022-09-18,,,
654,550,,,,1 pallet per BB,Inspectorate,2022-08-17,605.0,,,,,
655,1200,,,,1 pallet per BB,Inspectorate,2022-04-15,4840.0,2022-08-29,2022-06-18,,,
656,440,,,,1 pallet per BB,Inspectorate,2022-04-15,1320.0,2022-05-29,2022-06-18,,,
657,4434,,,,1 pallet per BB,Inspectorate,2022-05-17,4840.0,,2022-09-18,,,
658,1200,,,,1 pallet per BB,Inspectorate,2022-05-17,4840.0,2022-04-27,,,,
659,4434,,,,1 pallet per BB,Inspectorate,2022-11-19,4840.0,,,,,
660,1200,,,,1 pallet per 2 BB,Inspectorate,2022-11-19,605.0,2022-11-30,2022-06-18,,,
661,440,,,,1 pallet per 2 BB,Inspectorate,2022-04-15,110.00000000000001,2022-11-30,2022-12-20,,,
662,4434,,,,1 pallet per BB,Inspectorate,2022-11-19,484.00000000000006,2022-04-27,2022-09-18,,,
663,4434,,,,1 pallet per BB,Inspectorate,2022-04-15,605.0,2022-08-29,,,,
664,100,2.0,,,1 pallet per BB,Inspectorate,2022-04-15,4840.0,2022-11-30,,,,
665,4434,,,,1 pallet per 2 BB,Inspectorate,2022-05-17,4840.0,2022-11-30,2022-12-20,,,
666,4434,2.0,,,1 pallet per BB,Inspectorate,2022-11-18,605.0,,2022-12-20,84.91,,
667,100,2.0,,,1 pallet per BB,Inspectorate,2022-04-15,1320.0,2022-04-27,2022-06-18,84.91,,
668,550,,,,1 pallet per 2 BB,Inspectorate,2022-05-17,605.0,,,,,
669,4434,,,,1 pallet per BB,Inspectorate,2022-11-18,4840.0,2022-11-30,2022-05-17,,,
670,100,,,,1 pallet per 2 BB,Inspectorate,2022-08-17,110.00000000000001,2022-04-27,2022-06-18,,,
671,440,,,,1 pallet per 2 BB,Inspectorate,2022-11-18,484.00000000000006,,2022-12-20,,,
672,440,,,,1 pallet per BB,Inspectorate,2022-11-18,605.0,,2022-09-18,,,
673,100,,,,1 pallet per 2 BB,Inspectorate,2022-05-17,484.00000000000006,2022-08-29,2022-09-18,,,
674,4434,2.0,,,1 pallet per 2 BB,Inspectorate,2022-08-17,4840.0,2022-05-29,2022-09-18,,,
675,100,,,,1 pallet per BB,Inspectorate,2022-11-19,484.00000000000006,2022-05-29,,,,
676,1200,,,,1 pallet per 2 BB,Inspectorate,2022-08-17,4840.0,2022-08-29,2022-05-17,,,
677,440,2.0,,,1 pallet per 2 BB,Inspectorate,2022-11-19,605.0,2022-08-29,2022-12-20,84.91,,
678,1200,,,,1 pallet per 2 BB,Inspectorate,2022-04-15,4840.0,2022-05-29,2022-09-18,,,
679,440,,,,1 pallet per BB,Inspectorate,2022-05-17,4840.0,2022-08-29,2022-09-18,,,
680,1200,,,,1 pallet per 2 BB,Inspectorate,2022-11-18,484.00000000000006,2022-05-29,2022-09-18,,,
681,550,2.0,,,1 pallet per BB,Inspectorate,2022-11-19,605.0,2022-04-27,2022-09-18,,,
682,100,,,,1 pallet per BB,Inspectorate,2022-08-17,1320.0,2022-04-27,2022-09-18,,,
683,100,,,,1 pallet per BB,Inspectorate,2022-08-17,110.00000000000001,2022-05-29,2022-06-18,,,
684,4434,,,,1 pallet per BB,Inspectorate,2022-11-18,605.0,2022-05-29,2022-05-17,,,
685,1200,2.0,,,1 pallet per BB,Inspectorate,2022-11-18,110.00000000000001,2022-05-29,2022-09-18,,,
686,550,,,,1 pallet per BB,Inspectorate,2022-11-18,110.00000000000001,2022-08-29,2022-09-18,,,
687,1200,,,,1 pallet per 2 BB,Inspectorate,2022-11-18,1320.0,2022-05-29,2022-12-20,,,
688,1200,,,,1 pallet per BB,Inspectorate,2022-11-19,110.00000000000001,2022-08-29,2022-05-17,,,
689,4434,,,,1 pallet per 2 BB,Inspectorate,2022-11-19,4840.0,2022-08-29,2022-09-18,,,
690,4434,2.0,,,1 pallet per 2 BB,Inspectorate,2022-11-18,110.00000000000001,2022-08-29,2022-06-18,,,
691,1200,,,,1 pallet per BB,Inspectorate,2022-11-19,4840.0,,,,,
692,550,,,,1 pallet per 2 BB,Inspectorate,2022-11-18,110.00000000000001,2022-08-29,2022-09-18,,,
693,440,,,,1 pallet per 2 BB,Inspectorate,2022-11-19,4840.0,2022-08-29,2022-12-20,,,
694,550,,,,1 pallet per BB,Inspectorate,2022-11-19,484.00000000000006,2022-08-29,,,,
695,100,,,,1 pallet per BB,Inspectorate,2022-11-19,110.00000000000001,2022-11-30,2022-05-17,84.91,,
696,440,,,,1 pallet per BB,Inspectorate,2022-11-19,605.0,2022-08-29,2022-09-18,84.91,,
697,4434,2.0,,,1 pallet per 2 BB,Inspectorate,2022-11-18,605.0,2022-04-27,2022-09-18,,,
698,100,,,,1 pallet per 2 BB,Inspectorate,2022-11-19,110.00000000000001,,,,,
699,550,,,,1 pallet per BB,Inspectorate,2022-04-15,4840.0,2022-04-27,2022-05-17,,,
700,1200,,,,1 pallet per 2 BB,Inspectorate,2022-11-18,4840.0,2022-05-29,2022-06-18,,,
701,4434,,,,1 pallet per 2 BB,Inspectorate,2022-08-17,4840.0,2022-05-29,2022-06-18,,,
702,1200,,,,1 pallet per 2 BB,Inspectorate,2022-11-19,110.00000000000001,,2022-09-18,,,
703,100,2.0,,,1 pallet per BB,Inspectorate,2022-04-15,484.00000000000006,,2022-06-18,,,
704,440,,,,1 pallet per BB,Inspectorate,2022-08-17,605.0,2022-05-29,2022-12-20,,,
705,1200,,,,1 pallet per BB,Inspectorate,2022-08-17,484.00000000000006,2022-04-27,,,,
706,4434,2.0,,,1 pallet per BB,Inspectorate,2022-11-19,1320.0,2022-04-27,2022-12-20,,,
707,1200,,,,1 pallet per 2 BB,Inspectorate,2022-05-17,1320.0,2022-08-29,2022-09-18,,,
708,4434,,,,1 pallet per 2 BB,Inspectorate,2022-04-15,484.00000000000006,2022-11-30,,,,
709,4434,,,,1 pallet per BB,Inspectorate,2022-11-18,484.00000000000006,2022-08-29,,,,
710,440,,,,1 pallet per BB,Inspectorate,2022-11-18,605.0,2022-05-29,2022-06-18,,,
711,1200,2.0,,,1 pallet per BB,Inspectorate,2022-04-15,4840.0,2022-05-29,2022-06-18,84.91,,
712,1200,,,,1 pallet per BB,Inspectorate,2022-04-15,4840.0,2022-11-30,2022-06-18,,,
713,100,2.0,,,1 pallet per 2 BB,Inspectorate,2022-05-17,605.0,2022-05-29,2022-06-18,84.91,,
714,550,,,,1 pallet per BB,Inspectorate,2022-11-18,110.00000000000001,2022-04-27,,,,
715,4434,,,,1 pallet per BB,Inspectorate,2022-05-17,110.00000000000001,2022-05-29,,84.91,,
716,440,2.0,,,1 pallet per 2 BB,Inspectorate,2022-11-19,110.00000000000001,2022-04-27,2022-12-20,,,
717,1200,,,,1 pallet per 2 BB,Inspectorate,2022-08-17,110.00000000000001,2022-11-30,2022-09-18,,,
718,100,,,,1 pallet per BB,Inspectorate,2022-11-19,110.00000000000001,2022-08-29,,,,
719,1200,,,,1 pallet per 2 BB,Inspectorate,2022-11-19,110.00000000000001,2022-04-27,,84.91,,
720,550,,,,1 pallet per BB,Inspectorate,2022-05-17,605.0,2022-08-29,2022-05-17,84.91,,
721,550,2.0,,,1 pallet per BB,Inspectorate,2022-08-17,1320.0,2022-08-29,2022-12-20,,,
722,440,,,,1 pallet per BB,Inspectorate,2022-11-19,110.00000000000001,,2022-12-20,84.91,,
723,440,,,,1 pallet per BB,Inspectorate,2022-04-15,110.00000000000001,2022-04-27,2022-06-18,,,
724,1200,,,,1 pallet per BB,Inspectorate,2022-05-17,1320.0,,2022-12-20,84.91,,
725,100,,,,1 pallet per BB,Inspectorate,2022-11-18,4840.0,2022-04-27,2022-06-18,,,
726,550,,,,1 pallet per 2 BB,Inspectorate,2022-11-18,605.0,2022-05-29,2022-06-18,,,
727,4434,,,,1 pallet per 2 BB,Inspectorate,2022-08-17,1320.0,2022-04-27,2022-05-17,,,
728,4434,2.0,,,1 pallet per BB,Inspectorate,2022-11-18,484.00000000000006,2022-04-27,2022-12-20,,,
729,550,2.0,,,1 pallet per BB,Inspectorate,2022-04-15,1320.0,2022-04-27,,84.91,,
730,1200,,,,1 pallet per BB,Inspectorate,2022-04-15,110.00000000000001,2022-11-30,2022-06-18,,,
731,100,,,,1 pallet per 2 BB,Inspectorate,2022-04-15,484.00000000000006,2022-08-29,2022-12-20,,,
732,1200,,,,1 pallet per BB,Inspectorate,2022-11-19,484.00000000000006,2022-11-30,2022-09-18,,,
733,1200,,,,1 pallet per 2 BB,Inspectorate,2022-05-17,484.00000000000006,2022-05-29,,84.91,,
734,1200,,,,1 pallet per BB,Inspectorate,2022-08-17,110.00000000000001,2022-08-29,2022-06-18,,,
735,550,,,,1 pallet per BB,Inspectorate,2022-11-19,605.0,2022-08-29,2022-05-17,,,
736,1200,,,,1 pallet per BB,Inspectorate,2022-08-17,484.00000000000006,2022-05-29,2022-09-18,84.91,,
737,1200,,,,1 pallet per BB,Inspectorate,2022-04-15,110.00000000000001,2022-08-29,,84.91,,
738,440,2.0,,,1 pallet per 2 BB,Inspectorate,2022-08-17,4840.0,2022-08-29,2022-12-20,84.91,,
739,1200,,,,1 pallet per BB,Inspectorate,2022-08-17,4840.0,2022-04-27,2022-05-17,,,
740,550,,,,1 pallet per BB,Inspectorate,2022-11-19,110.00000000000001,2022-08-29,,,,
741,550,,,,1 pallet per 2 BB,Inspectorate,2022-11-18,484.00000000000006,2022-08-29,2022-09-18,,,
742,100,,,,1 pallet per 2 BB,Inspectorate,2022-04-15,605.0,2022-04-27,,,,
743,100,,,,1 pallet per 2 BB,Inspectorate,2022-04-15,1320.0,2022-08-29,2022-09-18,,,
744,550,2.0,,,1 pallet per BB,Inspectorate,2022-11-19,110.00000000000001,2022-08-29,,,,
745,1200,,,,1 pallet per BB,Inspectorate,2022-05-17,484.00000000000006,,2022-09-18,,,
746,550,,,,1 pallet per BB,Inspectorate,2022-11-19,605.0,2022-05-29,2022-09-18,,,
747,100,2.0,,,1 pallet per BB,Inspectorate,2022-05-17,110.00000000000001,2022-08-29,2022-05-17,,,
748,1200,2.0,,,1 pallet per BB,Inspectorate,2022-05-17,110.00000000000001,,2022-09-18,,,
749,550,,,,1 pallet per BB,Inspectorate,2022-11-19,484.00000000000006,2022-11-30,2022-09-18,,,
750,100,,,,1 pallet per 2 BB,Inspectorate,2022-08-17,1320.0,2022-08-29,2022-05-17,84.91,,
751,100,,,,1 pallet per 2 BB,Inspectorate,2022-05-17,1320.0,2022-05-29,2022-05-17,,,
752,440,,,,1 pallet per 2 BB,Inspectorate,2022-11-19,110.00000000000001,2022-11-30,2022-09-18,,,
753,440,,,,1 pallet per 2 BB,Inspectorate,2022-05-17,484.00000000000006,2022-05-29,2022-06-18,,,
754,4434,,,,1 pallet per BB,Inspectorate,2022-11-19,605.0,2022-11-30,2022-12-20,,,
755,1200,,,,1 pallet per BB,Inspectorate,2022-11-19,484.00000000000006,2022-08-29,2022-05-17,,,
756,100,,,,1 pallet per 2 BB,Inspectorate,2022-11-19,1320.0,,2022-12-20,,,
757,4434,,,,1 pallet per 2 BB,Inspectorate,2022-11-19,484.00000000000006,,2022-06-18,,,
758,4434,,,,1 pallet per 2 BB,Inspectorate,2022-08-17,484.00000000000006,,2022-09-18,,,
759,440,,,,1 pallet per BB,Inspectorate,2022-11-18,1320.0,2022-04-27,2022-05-17,,,
760,4434,,,,1 pallet per BB,Inspectorate,2022-11-19,484.00000000000006,2022-04-27,2022-09-18,,,
761,1200,,,,1 pallet per 2 BB,Inspectorate,2022-11-19,4840.0,2022-05-29,,,,
762,1200,,,,1 pallet per 2 BB,Inspectorate,2022-11-19,110.00000000000001,,2022-06-18,,,
763,1200,,,,1 pallet per BB,Inspectorate,2022-04-15,484.00000000000006,,2022-06-18,,,
764,1200,,,,1 pallet per BB,Inspectorate,2022-05-17,484.00000000000006,2022-05-29,2022-06-18,,,
765,440,2.0,,,1 pallet per BB,Inspectorate,2022-11-18,110.00000000000001,2022-04-27,2022-06-18,,,
766,550,,,,1 pallet per BB,Inspectorate,2022-04-15,1320.0,2022-05-29,,,,
767,1200,,,,1 pallet per BB,Inspectorate,2022-11-18,1320.0,,2022-09-18,,,
768,1200,,,,1 pallet per BB,Inspectorate,2022-05-17,110.00000000000001,2022-11-30,2022-05-17,,,
769,1200,,,,1 pallet per BB,Inspectorate,2022-08-17,110.00000000000001,2022-05-29,2022-06-18,84.91,,
770,440,,,,1 pallet per 2 BB,Inspectorate,2022-05-17,4840.0,2022-08-29,2022-12-20,,,
771,4434,,,,1 pallet per BB,Inspectorate,2022-04-15,484.00000000000006,2022-11-30,2022-09-18,,,
772,440,,,,1 pallet per BB,Inspectorate,2022-05-17,1320.0,2022-08-29,2022-06-18,,,
773,100,,,,1 pallet per 2 BB,Inspectorate,2022-04-15,484.00000000000006,2022-08-29,2022-12-20,,,
774,100,,,,1 pallet per BB,Inspectorate,2022-11-18,484.00000000000006,2022-04-27,,,,
775,550,,,,1 pallet per 2 BB,Inspectorate,2022-11-19,4840.0,2022-04-27,,,,
776,1200,,,,1 pallet per 2 BB,Inspectorate,2022-05-17,1320.0,2022-08-29,,84.91,,
777,440,,,,1 pallet per BB,Inspectorate,2022-05-17,484.00000000000006,,2022-06-18,84.91,,
778,4434,,,,1 pallet per 2 BB,Inspectorate,2022-08-17,484.00000000000006,2022-05-29,2022-06-18,,,
779,100,,,,1 pallet per 2 BB,Inspectorate,2022-05-17,4840.0,2022-11-30,2022-05-17,,,
780,1200,,,,1 pallet per 2 BB,Inspectorate,2022-05-17,605.0,2022-11-30,2022-09-18,,,
781,440,,,,1 pallet per BB,Inspectorate,2022-11-19,484.00000000000006,2022-11-30,2022-09-18,,,
782,440,,,,1 pallet per BB,Inspectorate,2022-08-17,484.00000000000006,2022-11-30,,,,
783,440,,,,1 pallet per BB,Inspectorate,2022-05-17,605.0,2022-04-27,2022-06-18,,,
784,100,,,,1 pallet per 2 BB,Inspectorate,2022-11-19,110.00000000000001,2022-11-30,,84.91,,
785,550,2.0,,,1 pallet per BB,Inspectorate,2022-11-19,605.0,2022-05-29,,,,
786,550,,,,1 pallet per BB,Inspectorate,2022-08-17,605.0,2022-11-30,,,,
787,100,2.0,,,1 pallet per BB,Inspectorate,2022-04-15,4840.0,,2022-12-20,,,
788,440,,,,1 pallet per 2 BB,Inspectorate,2022-11-19,4840.0,2022-11-30,2022-09-18,,,
789,550,,,,1 pallet per BB,Inspectorate,2022-08-17,1320.0,2022-05-29,2022-06-18,,,
790,100,,,,1 pallet per BB,Inspectorate,2022-11-19,484.00000000000006,2022-11-30,2022-06-18,,,
791,550,2.0,,,1 pallet per 2 BB,Inspectorate,2022-11-19,4840.0,2022-04-27,,,,
792,1200,,,,1 pallet per 2 BB,Inspectorate,2022-11-18,605.0,2022-11-30,2022-09-18,,,
793,440,,,,1 pallet per BB,Inspectorate,2022-04-15,4840.0,2022-04-27,2022-09-18,84.91,,
794,440,,,,1 pallet per BB,Inspectorate,2022-11-18,1320.0,,,,,
795,550,,,,1 pallet per BB,Inspectorate,2022-11-18,4840.0,2022-11-30,2022-12-20,,,
796,1200,,,,1 pallet per BB,Inspectorate,2022-11-19,110.00000000000001,2022-05-29,2022-06-18,84.91,,
797,100,2.0,,,1 pallet per BB,Inspectorate,2022-11-18,484.00000000000006,2022-08-29,2022-12-20,84.91,,
798,100,,,,1 pallet per BB,Inspectorate,2022-08-17,4840.0,,2022-06-18,,,
799,1200,,,,1 pallet per BB,Inspectorate,2022-11-19,605.0,2022-08-29,2022-06-18,,,
800,100,,,,1 pallet per 2 BB,Inspectorate,2022-11-18,1320.0,2022-05-29,,,,
801,4434,,,,1 pallet per 2 BB,Inspectorate,2022-11-18,605.0,2022-05-29,2022-06-18,,,
802,440,,,,1 pallet per BB,Inspectorate,2022-11-18,4840.0,2022-04-27,2022-09-18,,,
803,550,2.0,,,1 pallet per 2 BB,Inspectorate,2022-04-15,605.0,2022-11-30,,,,
804,4434,,,,1 pallet per 2 BB,Inspectorate,2022-05-17,4840.0,2022-08-29,2022-09-18,,,
805,4434,,,,1 pallet per 2 BB,Inspectorate,2022-08-17,1320.0,2022-08-29,2022-05-17,84.91,,
806,550,,,,1 pallet per BB,Inspectorate,2022-04-15,484.00000000000006,2022-04-27,2022-09-18,84.91,,
807,4434,,,,1 pallet per BB,Inspectorate,2022-05-17,484.00000000000006,2022-08-29,2022-12-20,,,
808,100,,,,1 pallet per BB,Inspectorate,2022-05-17,110.00000000000001,,2022-12-20,,,
809,100,,,,1 pallet per BB,Inspectorate,2022-04-15,1320.0,2022-11-30,2022-06-18,,,
810,1200,,,,1 pallet per 2 BB,Inspectorate,2022-04-15,605.0,2022-08-29,2022-05-17,,,
811,550,,,,1 pallet per BB,Inspectorate,2022-05-17,484.00000000000006,2022-04-27,,,,
812,1200,,,,1 pallet per BB,Inspectorate,2022-08-17,4840.0,,2022-12-20,,,
813,4434,,,,1 pallet per BB,Inspectorate,2022-05-17,1320.0,2022-05-29,2022-06-18,,,
814,550,,,,1 pallet per BB,Inspectorate,2022-11-19,484.00000000000006,2022-05-29,2022-12-20,,,
815,550,2.0,,,1 pallet per BB,Inspectorate,2022-05-17,4840.0,2022-05-29,2022-09-18,,,
816,1200,,,,1 pallet per BB,Inspectorate,2022-05-17,110.00000000000001,2022-05-29,2022-06-18,,,
817,100,2.0,,,1 pallet per BB,Inspectorate,2022-05-17,484.00000000000006,,2022-12-20,,,
818,100,,,,1 pallet per BB,Inspectorate,2022-11-18,110.00000000000001,,2022-05-17,,,
819,100,,,,1 pallet per BB,Inspectorate,2022-04-15,4840.0,2022-04-27,2022-12-20,,,
820,4434,,,,1 pallet per 2 BB,Inspectorate,2022-11-18,605.0,2022-11-30,,,,
821,100,,,,1 pallet per BB,Inspectorate,2022-04-15,605.0,2022-08-29,,84.91,,
822,100,,,,1 pallet per BB,Inspectorate,2022-11-19,1320.0,2022-04-27,2022-09-18,,,
823,550,,,,1 pallet per 2 BB,Inspectorate,2022-08-17,484.00000000000006,2022-05-29,2022-12-20,,,
824,4434,,,,1 pallet per 2 BB,Inspectorate,2022-11-18,605.0,2022-11-30,2022-06-18,,,
825,4434,,,,1 pallet per 2 BB,Inspectorate,2022-04-15,4840.0,2022-11-30,2022-05-17,,,
826,1200,,,,1 pallet per 2 BB,Inspectorate,2022-05-17,1320.0,2022-08-29,,,,
827,100,,,,1 pallet per 2 BB,Inspectorate,2022-08-17,605.0,2022-05-29,2022-06-18,,,
828,440,2.0,,,1 pallet per 2 BB,Inspectorate,2022-04-15,484.00000000000006,2022-08-29,2022-12-20,,,
829,440,,,,1 pallet per BB,Inspectorate,2022-11-18,1320.0,2022-04-27,2022-09-18,,,
830,1200,,,,1 pallet per BB,Inspectorate,2022-11-18,1320.0,,2022-05-17,,,
831,1200,,,,1 pallet per BB,Inspectorate,2022-08-17,605.0,2022-11-30,2022-12-20,,,
832,100,2.0,,,1 pallet per BB,Inspectorate,2022-05-17,605.0,,2022-09-18,,,
833,4434,2.0,,,1 pallet per BB,Inspectorate,2022-05-17,4840.0,2022-11-30,2022-06-18,84.91,,
834,550,2.0,,,1 pallet per 2 BB,Inspectorate,2022-05-17,4840.0,2022-05-29,2022-09-18,,,
835,440,2.0,,,1 pallet per 2 BB,Inspectorate,2022-11-18,1320.0,2022-08-29,,,,
836,550,,,,1 pallet per BB,Inspectorate,2022-04-15,4840.0,2022-05-29,2022-12-20,84.91,,
837,550,,,,1 pallet per BB,Inspectorate,2022-08-17,1320.0,2022-08-29,2022-06-18,,,
838,1200,,,,1 pallet per BB,Inspectorate,2022-11-19,110.00000000000001,2022-08-29,2022-06-18,84.91,,
839,440,,,,1 pallet per BB,Inspectorate,2022-05-17,4840.0,2022-08-29,2022-06-18,84.91,,
840,550,,,,1 pallet per BB,Inspectorate,2022-11-18,484.00000000000006,,,,,
841,4434,2.0,,,1 pallet per BB,Inspectorate,2022-11-18,110.00000000000001,2022-08-29,2022-09-18,84.91,,
842,1200,2.0,,,1 pallet per BB,Inspectorate,2022-11-18,605.0,2022-08-29,2022-09-18,,,
843,550,,,,1 pallet per 2 BB,Inspectorate,2022-11-19,110.00000000000001,2022-11-30,,84.91,,
844,4434,,,,1 pallet per BB,Inspectorate,2022-05-17,1320.0,2022-05-29,2022-09-18,84.91,,
845,440,2.0,,,1 pallet per 2 BB,Inspectorate,2022-05-17,4840.0,2022-11-30,,,,
846,100,,,,1 pallet per BB,Inspectorate,2022-11-19,1320.0,2022-04-27,2022-06-18,,,
847,1200,,,,1 pallet per 2 BB,Inspectorate,2022-11-18,1320.0,2022-11-30,2022-06-18,,,
848,100,,,,1 pallet per BB,Inspectorate,2022-11-18,605.0,2022-04-27,2022-06-18,84.91,,
849,100,,,,1 pallet per BB,Inspectorate,2022-08-17,484.00000000000006,2022-08-29,2022-09-18,,,
850,550,,,,1 pallet per BB,Inspectorate,2022-04-15,484.00000000000006,2022-04-27,,84.91,,
851,100,,,,1 pallet per BB,Inspectorate,2022-05-17,4840.0,2022-04-27,2022-06-18,,,
852,100,,,,1 pallet per 2 BB,Inspectorate,2022-08-17,1320.0,2022-08-29,2022-05-17,,,
853,1200,,,,1 pallet per 2 BB,Inspectorate,2022-08-17,4840.0,2022-04-27,2022-12-20,,,
854,550,,,,1 pallet per 2 BB,Inspectorate,2022-08-17,605.0,,2022-05-17,,,
855,1200,,,,1 pallet per 2 BB,Inspectorate,2022-11-19,110.00000000000001,,2022-09-18,84.91,,
856,100,,,,1 pallet per BB,Inspectorate,2022-05-17,484.00000000000006,2022-08-29,2022-12-20,,,
857,100,,,,1 pallet per 2 BB,Inspectorate,2022-08-17,1320.0,,2022-09-18,,,
858,440,2.0,,,1 pallet per 2 BB,Inspectorate,2022-05-17,4840.0,2022-08-29,,84.91,,
859,550,2.0,,,1 pallet per BB,Inspectorate,2022-04-15,4840.0,,2022-12-20,,,
860,1200,,,,1 pallet per BB,Inspectorate,2022-05-17,484.00000000000006,2022-05-29,2022-05-17,,,
861,100,2.0,,,1 pallet per BB,Inspectorate,2022-05-17,605.0,2022-04-27,2022-12-20,,,
862,550,,,,1 pallet per 2 BB,Inspectorate,2022-11-18,4840.0,2022-05-29,2022-06-18,84.91,,
863,100,,,,1 pallet per 2 BB,Inspectorate,2022-11-19,484.00000000000006,2022-04-27,2022-09-18,84.91,,
864,440,2.0,,,1 pallet per BB,Inspectorate,2022-05-17,110.00000000000001,2022-05-29,,84.91,,
865,1200,,,,1 pallet per BB,Inspectorate,2022-04-15,4840.0,2022-05-29,2022-09-18,,,
866,1200,,,,1 pallet per 2 BB,Inspectorate,2022-11-19,605.0,2022-05-29,2022-12-20,84.91,,
867,100,,,,1 pallet per BB,Inspectorate,2022-05-17,110.00000000000001,,2022-05-17,,,
868,440,2.0,,,1 pallet per BB,Inspectorate,2022-05-17,110.00000000000001,2022-04-27,2022-12-20,,,
869,100,2.0,,,1 pallet per 2 BB,Inspectorate,2022-11-19,4840.0,,2022-09-18,,,
870,440,,,,1 pallet per 2 BB,Inspectorate,2022-04-15,4840.0,2022-04-27,2022-06-18,,,
871,440,,,,1 pallet per BB,Inspectorate,2022-11-19,110.00000000000001,2022-05-29,,84.91,,
872,440,2.0,,,1 pallet per 2 BB,Inspectorate,2022-11-18,110.00000000000001,2022-04-27,2022-12-20,84.91,,
873,4434,,,,1 pallet per 2 BB,Inspectorate,2022-04-15,605.0,2022-05-29,2022-09-18,,,
874,4434,,,,1 pallet per 2 BB,Inspectorate,2022-05-17,605.0,,,84.91,,
875,440,,,,1 pallet per BB,Inspectorate,2022-08-17,484.00000000000006,2022-04-27,2022-06-18,,,
876,4434,,,,1 pallet per 2 BB,Inspectorate,2022-04-15,605.0,2022-08-29,2022-06-18,,,
877,440,2.0,,,1 pallet per 2 BB,Inspectorate,2022-11-19,605.0,2022-11-30,2022-09-18,,,
878,440,,,,1 pallet per 2 BB,Inspectorate,2022-08-17,484.00000000000006,2022-05-29,2022-09-18,,,
879,440,,,,1 pallet per BB,Inspectorate,2022-04-15,110.00000000000001,2022-11-30,2022-12-20,,,
880,440,,,,1 pallet per 2 BB,Inspectorate,2022-11-19,1320.0,2022-05-29,2022-06-18,,,
881,100,2.0,,,1 pallet per 2 BB,Inspectorate,2022-11-19,605.0,2022-04-27,,,,
882,1200,2.0,,,1 pallet per 2 BB,Inspectorate,2022-11-19,4840.0,2022-05-29,,,,
883,1200,2.0,,,1 pallet per 2 BB,Inspectorate,2022-11-19,605.0,2022-08-29,,,,
884,100,2.0,,,1 pallet per BB,Inspectorate,2022-08-17,1320.0,2022-04-27,2022-09-18,,,
885,1200,,,,1 pallet per 2 BB,Inspectorate,2022-11-19,605.0,2022-08-29,2022-12-20,,,
886,550,,,,1 pallet per BB,Inspectorate,2022-04-15,4840.0,2022-11-30,2022-09-18,,,
887,550,,,,1 pallet per BB,Inspectorate,2022-11-19,1320.0,2022-11-30,2022-05-17,84.91,,
888,1200,,,,1 pallet per BB,Inspectorate,2022-11-19,605.0,2022-08-29,2022-05-17,,,
889,1200,,,,1 pallet per BB,Inspectorate,2022-04-15,4840.0,2022-11-30,2022-05-17,,,
890,1200,,,,1 pallet per 2 BB,Inspectorate,2022-05-17,484.00000000000006,2022-05-29,2022-09-18,,,
891,1200,,,,1 pallet per BB,Inspectorate,2022-11-18,110.00000000000001,,2022-05-17,,,
892,440,,,,1 pallet per BB,Inspectorate,2022-05-17,4840.0,,,,,
893,550,2.0,,,1 pallet per 2 BB,Inspectorate,2022-11-19,484.00000000000006,2022-11-30,2022-09-18,,,
894,100,,,,1 pallet per BB,Inspectorate,2022-11-18,484.00000000000006,2022-08-29,2022-09-18,,,
895,440,,,,1 pallet per BB,Inspectorate,2022-11-19,484.00000000000006,2022-04-27,2022-09-18,84.91,,
896,1200,2.0,,,1 pallet per BB,Inspectorate,2022-08-17,484.00000000000006,2022-04-27,2022-09-18,84.91,,
897,1200,,,,1 pallet per 2 BB,Inspectorate,2022-04-15,1320.0,2022-05-29,2022-05-17,,,
898,440,2.0,,,1 pallet per BB,Inspectorate,2022-11-19,605.0,2022-11-30,,,,
899,100,2.0,,,1 pallet per 2 BB,Inspectorate,2022-04-15,1320.0,2022-05-29,,,,
900,4434,,,,1 pallet per BB,Inspectorate,2022-04-15,1320.0,2022-08-29,2022-05-17,,,
901,1200,,,,1 pallet per BB,Inspectorate,2022-05-17,1320.0,2022-08-29,2022-06-18,84.91,,
902,4434,,,,1 pallet per BB,Inspectorate,2022-05-17,1320.0,2022-08-29,2022-12-20,,,
903,550,2.0,,,1 pallet per 2 BB,Inspectorate,2022-11-18,605.0,2022-04-27,2022-09-18,,,
904,550,2.0,,,1 pallet per BB,Inspectorate,2022-08-17,110.00000000000001,,2022-12-20,84.91,,
905,100,,,,1 pallet per BB,Inspectorate,2022-08-17,110.00000000000001,,,84.91,,
906,550,,,,1 pallet per BB,Inspectorate,2022-11-18,484.00000000000006,2022-08-29,,,,
907,4434,,,,1 pallet per 2 BB,Inspectorate,2022-05-17,4840.0,2022-05-29,2022-12-20,,,
908,4434,,,,1 pallet per BB,Inspectorate,2022-11-19,1320.0,2022-04-27,2022-12-20,,,
909,1200,,,,1 pallet per BB,Inspectorate,2022-08-17,4840.0,,2022-09-18,,,
910,550,2.0,,,1 pallet per BB,Inspectorate,2022-08-17,1320.0,2022-04-27,2022-09-18,,,
911,550,2.0,,,1 pallet per BB,Inspectorate,2022-05-17,1320.0,2022-05-29,2022-06-18,84.91,,
912,440,,,,1 pallet per BB,Inspectorate,2022-11-19,110.00000000000001,2022-11-30,2022-05-17,,,
913,550,2.0,,,1 pallet per BB,Inspectorate,2022-04-15,605.0,2022-04-27,2022-06-18,,,
914,1200,,,,1 pallet per 2 BB,Inspectorate,2022-04-15,4840.0,,,,,
915,550,,,,1 pallet per BB,Inspectorate,2022-08-17,484.00000000000006,2022-11-30,2022-05-17,,,
916,4434,,,,1 pallet per 2 BB,Inspectorate,2022-04-15,110.00000000000001,2022-05-29,,,,
917,550,,,,1 pallet per BB,Inspectorate,2022-04-15,110.00000000000001,2022-11-30,,,,
918,440,,,,1 pallet per 2 BB,Inspectorate,2022-05-17,1320.0,2022-04-27,2022-12-20,,,
919,550,2.0,,,1 pallet per 2 BB,Inspectorate,2022-04-15,1320.0,2022-04-27,,84.91,,
920,1200,2.0,,,1 pallet per 2 BB,Inspectorate,2022-08-17,1320.0,2022-05-29,,84.91,,
921,4434,,,,1 pallet per BB,Inspectorate,2022-11-19,605.0,,2022-12-20,,,
922,4434,,,,1 pallet per 2 BB,Inspectorate,2022-05-17,605.0,2022-04-27,2022-09-18,,,
923,440,,,,1 pallet per BB,Inspectorate,2022-08-17,1320.0,2022-05-29,2022-09-18,,,
924,100,,,,1 pallet per BB,Inspectorate,2022-11-18,4840.0,2022-05-29,,,,
925,4434,2.0,,,1 pallet per BB,Inspectorate,2022-08-17,484.00000000000006,,2022-05-17,,,
926,440,2.0,,,1 pallet per 2 BB,Inspectorate,2022-05-17,605.0,2022-08-29,2022-09-18,,,
927,550,,,,1 pallet per BB,Inspectorate,2022-11-19,484.00000000000006,2022-08-29,2022-05-17,,,
928,4434,,,,1 pallet per 2 BB,Inspectorate,2022-08-17,1320.0,,2022-12-20,,,
929,440,,,,1 pallet per BB,Inspectorate,2022-05-17,1320.0,2022-08-29,2022-05-17,84.91,,
930,550,,,,1 pallet per 2 BB,Inspectorate,2022-04-15,4840.0,2022-11-30,,,,
931,4434,,,,1 pallet per 2 BB,Inspectorate,2022-11-19,484.00000000000006,2022-08-29,,,,
932,1200,,,,1 pallet per BB,Inspectorate,2022-11-18,484.00000000000006,2022-11-30,2022-12-20,,,
933,1200,,,,1 pallet per 2 BB,Inspectorate,2022-11-18,605.0,2022-08-29,2022-12-20,,,
934,4434,,,,1 pallet per BB,Inspectorate,2022-05-17,4840.0,2022-04-27,2022-06-18,,,
935,4434,2.0,,,1 pallet per BB,Inspectorate,2022-05-17,484.00000000000006,2022-11-30,2022-12-20,,,
936,1200,2.0,,,1 pallet per BB,Inspectorate,2022-04-15,110.00000000000001,2022-11-30,2022-12-20,,,
937,440,,,,1 pallet per 2 BB,Inspectorate,2022-11-19,484.00000000000006,2022-05-29,2022-06-18,,,
938,100,2.0,,,1 pallet per BB,Inspectorate,2022-11-19,4840.0,2022-11-30,2022-09-18,,,
939,550,,,,1 pallet per 2 BB,Inspectorate,2022-11-18,1320.0,2022-05-29,,84.91,,
940,440,,,,1 pallet per BB,Inspectorate,2022-05-17,110.00000000000001,2022-04-27,2022-12-20,,,
941,1200,,,,1 pallet per BB,Inspectorate,2022-11-18,484.00000000000006,2022-08-29,,,,
942,100,,,,1 pallet per BB,Inspectorate,2022-11-19,1320.0,2022-11-30,2022-05-17,84.91,,
943,1200,2.0,,,1 pallet per 2 BB,Inspectorate,2022-11-19,110.00000000000001,2022-04-27,2022-12-20,,,
944,440,,,,1 pallet per 2 BB,Inspectorate,2022-05-17,110.00000000000001,2022-05-29,2022-12-20,,,
945,550,,,,1 pallet per BB,Inspectorate,2022-04-15,605.0,,2022-09-18,,,
946,440,,,,1 pallet per 2 BB,Inspectorate,2022-08-17,484.00000000000006,,2022-12-20,,,
947,440,2.0,,,1 pallet per BB,Inspectorate,2022-05-17,4840.0,2022-11-30,2022-05-17,84.91,,
948,550,,,,1 pallet per BB,Inspectorate,2022-08-17,4840.0,2022-05-29,2022-06-18,84.91,,
949,1200,,,,1 pallet per BB,Inspectorate,2022-08-17,4840.0,2022-11-30,2022-05-17,,,
950,100,,,,1 pallet per BB,Inspectorate,2022-08-17,484.00000000000006,,2022-12-20,,,
951,100,2.0,,,1 pallet per BB,Inspectorate,2022-08-17,4840.0,,2022-06-18,84.91,,
952,550,,,,1 pallet per BB,Inspectorate,2022-04-15,484.00000000000006,2022-08-29,2022-09-18,,,
953,100,,,,1 pallet per BB,Inspectorate,2022-05-17,484.00000000000006,2022-04-27,2022-05-17,84.91,,
954,550,,,,1 pallet per BB,Inspectorate,2022-04-15,605.0,2022-04-27,2022-06-18,,,
955,440,2.0,,,1 pallet per BB,Inspectorate,2022-05-17,1320.0,2022-04-27,2022-12-20,,,
956,550,,,,1 pallet per 2 BB,Inspectorate,2022-08-17,484.00000000000006,2022-04-27,2022-05-17,84.91,,
957,1200,,,,1 pallet per BB,Inspectorate,2022-08-17,484.00000000000006,,2022-09-18,,,
958,550,,,,1 pallet per BB,Inspectorate,2022-08-17,4840.0,,2022-12-20,,,
959,100,2.0,,,1 pallet per 2 BB,Inspectorate,2022-11-18,484.00000000000006,2022-08-29,2022-05-17,84.91,,
960,100,,,,1 pallet per BB,Inspectorate,2022-11-19,1320.0,,2022-05-17,,,
961,550,,,,1 pallet per 2 BB,Inspectorate,2022-05-17,110.00000000000001,2022-08-29,2022-12-20,,,
962,1200,2.0,,,1 pallet per BB,Inspectorate,2022-04-15,605.0,2022-08-29,2022-12-20,,,
963,440,,,,1 pallet per BB,Inspectorate,2022-08-17,484.00000000000006,,2022-09-18,,,
964,1200,,,,1 pallet per BB,Inspectorate,2022-11-19,605.0,2022-11-30,2022-06-18,,,
965,100,,,,1 pallet per 2 BB,Inspectorate,2022-04-15,110.00000000000001,2022-11-30,,,,
966,4434,2.0,,,1 pallet per BB,Inspectorate,2022-11-18,110.00000000000001,2022-11-30,2022-09-18,,,
967,100,,,,1 pallet per BB,Inspectorate,2022-05-17,605.0,2022-04-27,2022-06-18,,,
968,4434,,,,1 pallet per 2 BB,Inspectorate,2022-11-19,4840.0,2022-08-29,2022-12-20,84.91,,
969,440,2.0,,,1 pallet per BB,Inspectorate,2022-08-17,1320.0,2022-05-29,,,,
970,440,2.0,,,1 pallet per 2 BB,Inspectorate,2022-05-17,4840.0,,2022-09-18,,,
971,550,,,,1 pallet per 2 BB,Inspectorate,2022-08-17,484.00000000000006,,2022-06-18,,,
972,550,2.0,,,1 pallet per 2 BB,Inspectorate,2022-04-15,605.0,2022-04-27,,,,
973,1200,,,,1 pallet per BB,Inspectorate,2022-11-19,110.00000000000001,2022-04-27,2022-06-18,,,
974,550,,,,1 pallet per 2 BB,Inspectorate,2022-11-18,1320.0,,2022-05-17,,,
975,100,,,,1 pallet per BB,Inspectorate,2022-11-18,605.0,2022-04-27,2022-12-20,,,
976,100,,,,1 pallet per BB,Inspectorate,2022-11-18,1320.0,2022-08-29,2022-09-18,,,
977,440,,,,1 pallet per 2 BB,Inspectorate,2022-11-18,484.00000000000006,2022-08-29,2022-06-18,,,
978,4434,,,,1 pallet per BB,Inspectorate,2022-05-17,484.00000000000006,2022-11-30,2022-09-18,84.91,,
979,1200,2.0,,,1 pallet per 2 BB,Inspectorate,2022-04-15,110.00000000000001,2022-04-27,2022-05-17,,,
980,440,,,,1 pallet per 2 BB,Inspectorate,2022-08-17,1320.0,2022-04-27,2022-05-17,84.91,,
981,1200,,,,1 pallet per BB,Inspectorate,2022-05-17,110.00000000000001,2022-05-29,2022-09-18,,,
982,4434,,,,1 pallet per 2 BB,Inspectorate,2022-11-19,4840.0,2022-08-29,2022-12-20,,,
983,100,,,,1 pallet per BB,Inspectorate,2022-04-15,110.00000000000001,2022-08-29,,,,
984,4434,,,,1 pallet per BB,Inspectorate,2022-11-19,110.00000000000001,2022-08-29,,,,
985,440,2.0,,,1 pallet per 2 BB,Inspectorate,2022-11-19,605.0,2022-04-27,,,,
986,440,,,,1 pallet per 2 BB,Inspectorate,2022-04-15,110.00000000000001,2022-05-29,2022-09-18,,,
987,440,,,,1 pallet per BB,Inspectorate,2022-04-15,1320.0,2022-04-27,2022-12-20,84.91,,
988,100,2.0,,,1 pallet per BB,Inspectorate,2022-08-17,110.00000000000001,,2022-05-17,84.91,,
989,100,,,,1 pallet per 2 BB,Inspectorate,2022-11-19,1320.0,2022-11-30,,,,
990,100,,,,1 pallet per BB,Inspectorate,2022-08-17,110.00000000000001,2022-11-30,2022-12-20,,,
991,550,,,,1 pallet per BB,Inspectorate,2022-11-18,605.0,2022-05-29,2022-05-17,,,
992,550,,,,1 pallet per BB,Inspectorate,2022-11-19,484.00000000000006,2022-04-27,2022-12-20,,,
993,4434,,,,1 pallet per BB,Inspectorate,2022-11-18,484.00000000000006,,2022-05-17,,,
994,440,,,,1 pallet per BB,Inspectorate,2022-04-15,110.00000000000001,2022-04-27,2022-05-17,,,
995,440,,,,1 pallet per BB,Inspectorate,2022-05-17,4840.0,2022-08-29,2022-05-17,,,
996,440,,,,1 pallet per BB,Inspectorate,2022-11-19,4840.0,2022-08-29,2022-05-17,,,
997,100,2.0,,,1 pallet per BB,Inspectorate,2022-11-18,110.00000000000001,,2022-05-17,84.91,,
998,440,2.0,,,1 pallet per 2 BB,Inspectorate,2022-05-17,110.00000000000001,2022-04-27,,,,
999,1200,,,,1 pallet per BB,Inspectorate,2022-11-18,605.0,2022-08-29,2022-12-20,84.91,,
